Name,Openness,Conscientiousness,Extraversion,Agreeableness,Emotional range
RahulBilve8,403.15950270607,502.60948471836156,161.84289376811006,796.5689698611209,191.60191205015914
ProjectSeestra,971.3750224487999,38.75073405570922,121.118720334226,118.95500315174212,158.22733612794926
DanielNewman,655.4455181704529,488.9482388443959,920.505471196553,946.7004456066787,331.1099869153938
barrysilbert,834.0582551386149,534.7800063466399,483.07836276235713,203.61137290879782,775.0813843689983
Survivor_AU,629.2639967382867,741.7726038542438,420.088913551817,360.69067389876284,651.7577628194394
bisiadjapon,872.8328964844744,622.7835287479535,622.4297781175886,847.3942422145412,201.52833993868703
SEC_Careers,590.5445768848588,691.9536469203665,678.8287359739767,468.37883190326534,893.0528192362411
tarak9999,773.7827425371046,940.5499026280912,788.9462042565547,948.1022562983445,759.0472345609729
Nidhi,572.16201701079,727.884018359352,228.74102680019337,600.093135455003,383.35576937791825
BeingSalmanKhan,140.67468573214998,278.1986459490999,91.80406322789314,390.8445971314636,48.204554433986466
imVkohli,578.5888939612926,945.0010321366849,588.4048739350104,644.9875949479681,837.5763966756082
aliabbaszafar,385.89001388136865,515.6026146844233,136.11062883900388,548.7045418680802,78.56438222190448
AltNews,800.6159386164866,395.0599259492705,469.21505936972403,277.7650331994197,519.6017902707551
vijaymilton,209.36608020949498,354.3691676898011,65.62720412384488,454.8964186954144,97.83530976620891
mrtesslynch,879.4238533343911,58.287163570143406,241.75401219225157,58.193717241439956,228.65978076029532
ShashiTharoor,858.6489214053277,743.105800070227,316.15962944427423,296.7321775627562,641.1592869523097
PJukalker,899.4428644410373,444.31104415918526,768.9668586315127,879.5683271394701,103.50001847453599
PTI_News,815.801177713407,839.4189642562988,634.2675571285353,436.2419363356984,609.558582537827
Cristiano,82.50537349582432,745.1009488779913,665.2908346481163,390.03154810893903,565.6788391315023
vinodkambli349,598.7665528927885,752.5564325660678,181.57247289402468,524.9489132609091,642.5048000857103
actorvijay,473.9294068717771,489.8063022913644,5.404478809335145,218.88607263473014,211.5074289863168
ShaaileshRSingh,660.9533402946626,333.87645873409855,16.10526926081679,271.1536898475671,49.062101600218675
AkashVOnline,126.27299597141989,755.1304177290648,1.4742408998654755,385.6431187765719,204.0022708352623
buffer,855.1597948949317,798.3326498170446,841.9021807394064,853.6889314365675,864.3187469757436
HISTORY,909.2180083176338,846.3395210064442,296.5126364915036,69.50454232222248,899.1329614462397
monishaadvani,501.4136826461574,809.88903754267,555.2197682894832,979.0025787559154,432.26791804392906
Sanakhan_m,640.7884959955572,408.1972262741299,142.95829201290468,200.3781540699961,351.4208477665868
EBONYMag,991.2034567501556,733.6736167435109,819.7844152689463,524.9000828391455,828.157340761104
K_Cullerton,926.2554771301775,684.6038079081732,598.7342704731523,201.5270322593782,498.79376795443216
EVACASH_TOKEN,404.63797404767223,924.5692124686257,288.25406447733803,440.275795674722,829.5542313703938
PulkitSamrat,337.012225204613,422.9532682160485,184.7008233431861,455.84912974676024,213.3398940236842
KTRTRS,634.3768734545628,861.5235101175402,520.0194620463426,806.6671594646212,585.1635850255095
MirchiSayema,281.77735174812454,352.06992411446726,47.79177853259209,905.5580873490471,132.48366064937477
yadavtejashwi,462.757548976782,562.6555137122524,34.31070147833598,488.63023548465833,175.14687264854228
Cymru,195.91420859969688,398.4889333465487,25.90146668691762,22.27315320825962,330.70826795975347
PremChauhanOfc,87.85177396608884,520.9964173491836,15.296085183506724,390.6300596229302,70.18706944367908
TiwariNivedita,906.8356743507244,292.0161487268357,50.10418898954016,177.68300592424885,254.4385778017677
BigRigBaloo,171.60389794208115,546.5456031727525,196.06417283311134,373.8585986364587,491.91665059996
atiqaodho2009,674.8860765104673,804.053768707679,555.1549258899877,788.8297683683084,345.324574052954
airnews_shi,281.01076062507406,433.334690369215,420.8317882923263,459.7634163722842,547.0493968995806
KendallJenner,632.422983728362,799.2466105485001,634.6278631264495,795.708061516447,416.5020886991749
ncbn,937.1885565777704,924.3052228467044,313.6754265377999,281.01772536540494,693.125175755112
MadhuriDixit,105.23545779716353,862.5492206437264,953.8610134209622,998.9338408020312,812.150579283359
vickykaushal09,423.46875116179876,726.8284581871291,520.5453976120309,949.6845532125819,405.76767356931055
playersvoice,782.3363104795886,252.8254051478409,158.4834567098626,74.69203246312411,503.78883364643303
anirudhofficial,409.4331589052101,807.5978599878408,133.56774029418318,590.893729888392,371.04565128845405
NissanUK,742.6271993840861,986.9907572642601,877.5015443617584,949.5960802910292,968.0972784438057
Geethak_MP,783.6251441135977,971.0028148693943,599.1543928413436,750.4591891737692,824.9208676558171
theRohitBansal,729.0788801557202,757.9189976686603,107.22474091153522,396.1734472871019,486.09549905159713
Jagadishbliss,277.6511217882705,653.4176436307376,84.33113737690678,741.6253491651735,227.14989871187075
ProgressBar201X,923.9284925401805,222.19615043639502,356.0432247592119,273.46743252431713,368.432236679993
aisfm,801.3988647122095,807.7417034102796,340.1814189192644,188.4396513231591,659.425364053174
IPL,146.0963647498558,725.31951383888,8.204224135355986,33.430444697846006,401.1885850055841
Sushant_Kaushal,458.89589158798384,405.2817337357754,126.8636112547773,430.91809757607047,239.19659421685452
seemantlohani,88.14589700991327,672.0420502322678,178.5812304900153,431.9743993673401,303.23269796483595
SadhguruJV,987.2829304570421,715.7505488872868,202.18815970288966,60.69382251062449,645.9322451161905
pranitasubhash,401.09740040773517,735.7761727654656,313.16666457562314,879.5338235079605,331.8634891840004
dikshamadhok,837.5003133717969,688.2226513918866,550.1903938213369,167.93585235943996,743.8287022561517
BBCHARDtalk,805.5239543930753,668.0742213078717,603.14159407802,584.7544345883191,465.9348699980466
riteshagar,604.9238457870131,811.9728747122919,743.3694923088724,675.2749659350281,716.0256735925368
MSDESkillIndia,267.72426190022975,642.3977283803229,18.37853209525553,212.21775126258814,317.8008603687424
thevirdas,604.4081170822358,340.9436508726279,334.0795279733518,599.6533341803796,317.7634679810926
SunidhiChauhan5,298.61285950397263,529.4122946322764,267.06937020344714,898.137874286487,167.5266741234891
Andrew007Uk,463.9227441368673,68.37704674340078,512.50253561403,462.5335883376164,26.387405614451964
RatnakarShetty6,532.3589204108081,810.5576975939457,145.49004054586783,86.48655932008647,750.4637859140292
Manavkaul19,845.9028373623701,672.1347144386666,21.026979426333636,670.1892123127374,129.60669904782586
DouglasABaker2,166.70939514010118,614.6375275011038,16.284685282838606,162.6051293548539,218.41413443838564
CrankyPancreas,683.0518863422203,111.140980906076,133.05761022565326,262.7943471861842,128.0757553740403
SwachhBharatGov,898.7102479150751,315.56230550949925,211.56407732777444,40.59301643781688,618.3012011316785
SEC_Enforcement,943.3915487990866,859.2382382471167,970.2740553775467,581.4299630437761,964.1609312714575
airnewsalerts,681.0175073741518,754.5335389235737,399.1517956532585,259.93025453214193,549.1466597287201
JoyceMeyer,849.919415592043,983.8316270443248,882.8242099182131,996.596543270061,888.9208357150139
shahidkapoor,515.8952569088879,661.9023016323359,424.17839597802055,809.246252826501,312.09834281561723
alluarjun,423.2278311622678,848.2055395374562,521.6615349207804,924.6893938358438,603.2853327022729
klrahul11,335.3884582999536,927.2898739675621,829.9557061599907,974.8482755040684,733.8453402389277
piselli44,494.8416498729456,120.00504149537217,463.8522112472224,491.72097066394,88.15201013518164
NameisNani,376.6447048422522,867.9523819925504,383.53464371111477,965.6864005567071,483.33996484540603
WIRED,970.195859132014,632.2089128972488,251.6523221367199,10.738590325183651,874.5864991044128
DrManjula_A,712.3252626557891,568.611170342353,254.9557614391591,720.5463357094358,260.2496295178179
NewYork_SEC,834.6484836328652,776.1023581998069,942.7300878894083,330.9573784511073,975.1982608850373
kanhaiyakumar,708.2951662683625,595.6934255018483,74.46687570945166,332.0710245197049,275.9568536908951
JustinThomas34,524.7326134700987,619.5602972510732,531.0754705309521,520.6712022680089,685.1168042289555
nickschifrin,953.7692205062815,938.3333415312558,551.0079034202706,407.40347252155027,842.2033019060074
mildredsfierce,898.7468402360178,198.15795669519954,230.48910340238416,585.9675821234258,193.94486341289763
gucci,999.9628056653406,760.0505348354058,700.2443521270878,316.368433567837,786.7011163297592
GVKjunior,658.9755492812812,604.2966517648326,633.2594567426571,437.5856138392121,645.6777492578152
iFaridoon,651.1540587797251,312.40866316701863,212.71749781919925,853.835197306016,118.59892602480426
taapsee,478.64023568355765,78.57648325809934,46.521587457433064,209.2784897477083,18.348640814333184
CocoGauff,121.99309549223464,883.6463483206063,474.5209985094615,761.1786557096549,684.5965326582195
itsSSR,789.1241552228581,627.9270707275165,233.37079323552712,650.9889295565682,428.54415729710337
NehaLTOI,623.2466187820061,522.4398376477113,84.69330564829264,299.15274992333184,251.2656469635699
mecamitmishra,70.20661465309924,675.2383523694178,1.4924719070121273,607.6121867983667,138.7975920369185
ScottEyewear,989.2580837284418,749.648179551612,987.3558128983883,558.7461371072733,732.6954934554001
rosariodawson,836.2946619594513,902.8672198595125,396.93967361914906,734.130089521248,751.50995779064
amalaakkineni1,714.535317179764,886.3838726051013,768.4305416618971,952.2279146564927,580.3550919054848
ndtv,708.101205411434,809.1803787569087,310.45578745333347,614.1916367486583,574.9116458222534
FCBarcelona,180.60005234611492,676.2601007157712,20.504579303253834,149.49816949558053,442.3891498828788
BBCWorld,795.5937101539317,855.3628356673032,674.8193778652155,472.72096712436706,754.5226889862109
ElizabethKateri,957.4331663042583,628.4640710892518,612.7765679132589,610.206356763767,615.5163510189101
renukaVyavahare,874.4765779055939,91.20374161790001,211.1471145897883,422.04725081883237,214.31410646729591
ManUtd,227.96176402858802,709.5766518247545,52.30616091174589,117.02101004504706,588.6707095202062
boxervijender,237.55970236845985,942.3463007064754,143.13555655476262,926.1376841310547,585.7112955145332
aaronecarroll,691.5337219771162,253.81997246548755,231.55939370262985,457.57906977543684,173.38911758578308
Wit_of_Wilde,999.6420124400511,318.75926324988313,44.3154420317467,259.32435489086055,350.02352289121285
irrfank,751.9930546571245,599.5322340854115,278.54441713519407,906.0185581285194,212.1442298001951
KaemaSutra,967.7188064481229,960.7134534112387,714.900966014806,94.16252516917496,870.6859985369005
priyankachopra,763.2589119760858,745.0966565244162,830.8160042311796,930.1686588791288,393.08800326755835
BreakingNews,974.6794567915889,960.7119797554193,942.9449502191261,690.952031248716,928.1245564522346
devinschiff,918.1404971995078,797.48677324106,466.7665350699194,484.5820833412124,674.7410913321689
realshooterdadi,206.77956633686802,148.822957008929,21.27243708975285,271.8772140832221,8.865068309605428
SumZero,891.229833352134,675.3672529547854,668.0974898884488,200.28734730871932,754.5935033027955
NetflixFilm,992.0298426755331,283.87455328863336,451.78875577167565,407.7287210788461,361.4131606990643
dop007,373.77473344705135,551.2036776684196,105.55814736138608,508.4951891130376,412.6631231635235
akshaykumar,689.2896315782025,621.3843919981268,223.2014517390522,668.6168900892349,286.5974824132027
vab267,106.22363992690043,661.4277870849013,1.5994539121138573,464.9590768726347,133.01384481257315
michaelaWat,932.3977287150873,698.0496130088844,730.1216397615796,718.5205101595251,719.6976639925426
ScottMendelson,974.6435555885504,350.20265838897524,238.0919734589245,166.79155433599058,643.6119424422847
BBCSport,142.82060903390493,240.7195487897012,13.273877130999646,21.188080272146912,229.68378990738185
BenChildGeek,954.9005994491391,58.35330903432756,172.07642162917747,92.53309666843495,285.4444929972453
khimanisagar,656.6959039279565,870.5801261827148,29.573815104466938,539.0227788295953,420.17267991444265
SECDiversity,365.7509036912621,803.5615298341781,430.58011160168235,572.9209263827354,851.6304130773287
actorbrahmaji,40.36442815043212,348.4095488940981,108.40630118885957,705.7396695671092,116.20412646987799
NeerajaKona,330.99774175740384,486.57184255415586,201.52600966882073,736.6671937178412,110.761715905133
BukayoSaka87,11.783525456235067,760.8562207488492,22.937659429946578,214.32280659451314,686.1921148998559
Daniel_James_97,141.65133506558686,710.6766546579,310.2918374131805,858.7382502836251,394.40425889875974
AnushkaSharma,684.3637690463529,803.2952315650417,592.586358496528,924.3826059845384,354.10361732063
fattysanashaikh,458.88973848685964,470.20506949680043,474.9548139031273,924.1843183124814,164.5532265686569
RNTata2000,807.9895118896226,823.7463168349874,377.08131603651816,686.9462432706684,574.0354749023105
Calum5SOS,330.52349219830563,425.8051617857631,549.7690085280458,762.7640593485206,139.35143185259673
ClaireWaldron1,274.36184175660674,625.2558872093365,411.82120622924555,683.3761259261664,419.01164164568627
Ileana_Official,446.0722376434207,476.6022498866026,351.4979290291856,890.1632807355033,135.5260035611403
crhemanth,828.2905068829104,521.185747464511,66.84870143990418,226.18203877391096,397.1695774863814
KapilSharmaK9,41.41241703142118,604.3394279164619,169.91956912190764,865.9353435117931,253.8138411540063
manyu8888,567.2842682575546,685.1079165044144,68.59056018624166,149.53551754285326,433.4017784548282
MlilyOfficial,314.6145628989838,919.890187721962,477.9131468407268,150.6436315862858,613.0926564882246
AdamParkhomenko,945.7868742036759,785.8432623160236,754.3884406637966,496.77902979922686,873.8525932499464
KateChesterton,837.2362670807474,894.4190471835672,415.9977820497962,883.6341686577705,469.31550640817136
cheteshwar1,298.87383963221293,907.1822873020299,908.482817438256,996.2265868448197,694.9250487679233
colstonJulian1,898.874956738673,928.1910753201823,205.5433471009901,261.6380091593598,856.5352238871719
nandakumar_27,820.1437526008003,32.49727171946637,284.1464458720966,235.40640933928137,79.70745622906999
dreamboatme,552.3167302706707,9.685216192122203,30.660212687277312,126.59793719502943,54.12866042878039
rajyasabhatv,286.78459346943896,699.5966501746185,509.77054114592966,670.6366514607254,573.7898960528297
BBCIndia,820.3324975580002,713.6676237862202,163.0728350907233,122.8792168229143,643.1306738450999
McQueen,999.9652993575587,459.10285980077066,968.6397546542464,703.053325626256,701.6174088184665
itisthatis,168.63214362270838,96.35028909823396,7.907692437425062,142.45325823850607,14.977137213513847
chriswoakes,218.72386192166644,710.9978501868178,158.65314144977367,662.0176462481433,412.35982246924885
AtishiAAP,596.7980381658995,841.8318853088448,111.79170011605926,615.4102333403358,419.3727807316492
coenesqued,895.1376049630479,71.19581993019081,180.45863092723835,332.2216965435261,149.64348111746207
StefTsitsipas,642.3152620050882,255.46367666599744,181.90626156320616,221.3044090769417,301.8881217182828
iamsrk,311.23487701319283,694.3116045933648,281.31526413735077,924.4417810584797,441.9639569179708
FortWorth_SEC,804.1929111071689,805.1514200548534,948.7077257720517,484.5120116297401,959.5474131337239
jake_p_cole,960.641114117884,85.45469757440472,154.88921001799844,50.394716961742304,371.7462939761143
Neelavanam,932.3086244937895,390.73419261249484,228.2253754241164,437.40610037489444,320.5713269729919
karanjohar,645.5661952412349,238.91284037497533,115.16962166977984,107.04070154985857,58.560170708958026
IndiaToday,700.0175336068844,804.1222124069811,173.27341997042396,461.56456174725815,553.3447074978787
MaulaJattMovie,711.5603872806503,598.142892043855,43.61427928457101,353.15982230568534,143.74192962490883
TwitterAPI,592.8777247496074,636.5503495737422,51.26034316737738,29.667343297389348,829.0813676823878
Wesley_Morris,934.9880271232682,146.17299635995795,628.7938002869193,531.8466152697556,412.3618138522209
bhumipednekar,604.1160711577081,752.882430055517,306.2461587104969,867.4516355446058,281.77431305635815
NickFriedell,861.3032596646138,707.4336896103564,325.10250623073114,204.97094246632963,943.6741696917016
WhoSunilGrover,178.15462515691394,519.5290122832147,156.07304056170125,747.2889145517023,132.5868826719121
DraftstarsIN,125.3758247567811,801.0057570875266,1.92059007631451,14.192276349528854,897.3785238125538
chrisohare1500,221.29494172968361,709.0872124567013,205.94736911047295,359.65673364353114,420.4222204592559
DelhiHeroes,157.0140309455142,828.8332509812209,88.95021708941381,138.41977507346738,646.905736906445
KeitanyMary,326.3780004648431,944.7026365506728,472.9578908679326,877.7388375014184,681.2338603210186
yooday,932.9778524539105,173.95782404591375,73.05711592285746,189.4500585366155,166.38020722118358
eliistender10,644.3344505417213,429.9451295432501,642.0226582948077,913.1663968762467,131.87135537614958
sachin_rt,429.39453201130385,913.7587099019764,825.1290409299177,954.3434351756301,839.721893566809
Michael5SOS,505.93412510893734,418.83860993607334,758.1473202743647,782.6694975948409,218.19526269647466
Iheals,447.97591450517945,255.57497405077035,315.34631354282936,291.70297236007735,299.2623802210682
avigowariker,934.7256768357905,574.8752793561929,859.8579963541634,622.1593340707767,459.8677210553232
DevJhajharia,396.77559372645345,893.217531772311,395.1709566702493,738.3693264752565,799.2929174414138
Actorjiiva,603.4495418881253,700.4276145540667,99.27232845396966,571.6111258739841,280.01805268387903
abhiramgpatil,732.9039561368897,700.00497651388,175.129034890058,180.44168720803333,422.1690324477759
ArjunSaravanan5,659.5368794423997,832.9621064655497,477.027604052757,679.8489571954708,782.4007124798709
clmazin,956.3411561397943,101.67027867644978,351.8018678853433,352.8185362285889,316.15352370093285
BBCBreaking,588.2278880718495,835.997778189744,672.5692645612818,553.6410502682604,594.0766466472844
suziruffell,231.06983084916462,470.8496269721367,694.6249047530231,929.0328101296394,114.59928255153417
SrBachchan,438.2590538102417,571.1398301508598,318.37809592720254,701.656513540086,201.21366010152747
DelhiDynamos,322.4230021867275,850.8188853060817,47.2161560917243,168.52235149218797,713.0006109838156
rbeggin,958.5989394201938,961.9406999378313,796.4465602605854,576.8807314098972,954.4589199255723
KavitaThomas,693.7449807120482,385.9923067787686,938.2868357776171,915.5545758675534,277.3106865398534
rahulbharatsmc,225.48504019260662,725.2336981939349,11.561789314444182,640.642024702047,215.0898090074259
DhivyaDharshini,14.803369590433046,197.5827828086281,51.79958600056983,607.5868808744284,45.25919588157296
luv_ranjan,312.08280783898357,165.52213160260015,44.50188426221408,557.513155169414,35.811341760979495
armani,918.1777086588755,600.4200768464199,729.3784735380054,533.8249767698377,482.74094555257875
dulQuer,457.0077448066372,710.2069145265704,787.1438358082547,903.877376329356,505.85412591518553
ShivAroor,781.251866103094,791.7379185484358,159.3355028616639,447.0353105714906,580.1641522294879
Samanthaprabhu2,189.16839774126947,903.2801237275102,570.6062860367703,995.5592714311884,471.1598845166651
Luke5SOS,217.7689005351383,463.1193628432463,586.5636504875465,714.3420255802855,112.73961418935835
jatinsarna,357.60697171681574,406.492189377602,61.91427646538544,579.9913558242238,180.2230529238412
shalinipandeyyy,758.6300526221088,713.175665977333,247.65637283489278,714.0209591766983,212.61338838630172
imranirampal,258.8185063888808,892.853624182625,292.1132410907159,722.5455708919278,693.4469883313271
dan1shaslam,806.4602953643724,405.8742900193136,135.8316292039205,180.68911849669772,385.4778488306736
BCCIWomen,214.5818944054908,383.112248087442,413.7785535424329,280.13314141671987,29.376778666510784
EntrepreneurIND,686.7979002689954,425.2112338049929,863.2272741616915,101.36056395645754,594.3380140530201
PareshS41182615,283.05176574457425,486.6866788196887,191.91905635582134,583.0694270139951,539.5066763843233
arrameen,109.55171129164864,664.4894464786677,180.45516589230942,889.092561149178,255.44234902407825
7acespune,666.4788737067903,914.4605244238267,377.17650259695034,138.94425914526033,823.2350577878904
_BreathingFire_,256.5289519494091,46.196233816301444,9.694448522006516,55.446207063608476,74.7221211283316
usagiguy,964.1305545054513,834.6877905551884,363.47170519511593,202.3060646233155,661.4597787197164
SSthemovie_,780.3502611583975,714.4653017490582,35.68981151931444,337.9202437731832,253.0915231843781
SuranikaSoni,715.1638625168684,353.83140517610155,81.03039211215219,538.5162315059671,253.5211359872801
SukshnderShinda,42.88319407403623,364.3497672195161,88.23449497801789,641.8837691684564,123.97697482650844
Craig_gov,416.46585769469726,584.5057875332109,237.63235188392323,286.4229927841587,301.17456478489976
NAEEMKHANNYC,851.377328402186,537.1646071414066,783.3904837700896,854.1568454807007,235.96218372084067
EBFCTheSports,190.5031211155549,821.1576881357596,40.49442890215082,102.52112387160427,657.772792088603
jyotiyadaav,844.8949699988594,379.92731085885026,234.86502248475048,224.2290214225851,298.38614746865045
Atlee_dir,207.78608202347192,707.5412724353284,460.2453465337539,968.8477885247022,461.13940457239795
drrashmishetty,949.8765843508903,816.5991495207039,575.2645375919642,188.23326706454512,624.2830799734909
rishikeshlaw,550.1250355163675,882.5497022347156,47.282627478933414,736.8897365108047,401.65156884223984
Legon_2020,383.9055072727134,454.0540349763376,49.597996845585634,46.17867636765089,478.3954580624677
ScottFeinberg,771.7308883040821,873.910466266032,701.9213784299217,986.7712505415509,806.9562897868958
kaushikcbasu,954.4395699625449,573.7286170722518,352.39760662629806,101.86807383047308,670.0258927097628
Kritzika,550.4873180367308,341.9925936428534,49.64823764352688,255.55970055907295,379.7570304880512
PIBHindi,33.86319315611303,185.76753304688165,34.98541485658369,221.68049632443808,1.4195694602086584
TanhajiFilm,416.0702838106628,576.7816400735775,0.4940066666342946,161.26117190300815,82.87994673999077
gauravcsawant,810.0704255461269,878.6660004457403,319.37889066988447,354.6218891508529,637.1217956288395
TheMahiraKhan,618.9754123159819,854.3977590124551,349.4814836355042,994.681629308333,315.7753567422769
sri50,731.4597349664213,541.2403015903838,32.43562767683616,38.190769492056134,190.60431674299173
ASteiner,589.4737367223241,775.6402254012675,464.02284403520343,426.0559276061735,592.4932116620956
UrsVamsiShekar,246.34345647291366,229.2828786336053,18.23666597963275,138.82121937500253,8.993246057988236
Vinayvirmani24,708.8897410282149,680.9132359548364,793.4042438959572,956.4165849138482,357.38654119385023
KagisoRabada25,242.30065350088083,792.0523211834455,323.18947064645283,565.8693774051739,574.4044566507209
cricbuzz,622.4246190375112,486.8191293456463,21.574851015445816,9.972704905844399,475.3276325538965
CuddyWalsh,193.87984427187254,852.2893925831754,351.9829809233753,956.1122263856628,540.6160712183454
Vimraman,612.8087081196086,907.9137104535133,972.7693739001849,991.6190698901825,530.0044846458322
apoorvamehta18,579.9257475970184,197.95856809901002,111.50816370987937,276.6445236772048,20.903522634491967
VikramMotwane,848.580525490787,401.85366844394264,133.67617652080298,336.1817813558689,211.0930863982387
AadhiOfficial,512.8070464144159,676.165291541288,333.95219133644844,874.904471495292,322.17823461533004
humasqureshi,550.9516746031138,364.12857333473073,169.251886008862,797.3391601567772,101.10325479450417
vathsanatheart,936.3174365461622,209.41366228714753,212.0621390708442,324.5415442847698,279.7304937819465
directorvamshi,522.3654975118232,880.7547865826415,272.68715178251745,857.863149303334,442.6933963208223
mayurpuri,825.5488084985932,242.65891789614503,92.0561406835454,503.18662336017695,192.65269066345908
RobAndrew19,196.3677812083926,791.3759979119178,130.0966580161037,610.680302556573,426.6654161110174
JamesMerry17,534.5649551155061,264.8772997414511,120.1768845750657,221.8785727872421,377.33621604577803
colourblueorg,933.1598885784582,713.1915882204485,223.44585954931884,845.541909531371,204.1121515262188
SEC_Investor_Ed,767.1309262238934,719.2197742414115,880.0717731455035,175.01719408867356,983.8653586908538
BelindasWalk,482.9175689017886,647.2353169132264,553.0554420989345,975.0200545438456,287.0360571655692
SandeepSeminars,72.75299099839627,191.8372681079546,0.5371485473409376,75.48371295755702,438.9136094440556
PanoramaMovies,664.3396942382269,449.3248584758182,29.89888743568814,263.02440708211554,63.783675177726764
gaGunNarang,594.1080922359607,724.0062773657215,375.34352260960344,565.9052675608136,714.6463725035628
prasarbharati,218.32280465385884,484.5399129614276,9.783039229807,11.739341988038666,232.69287897656244
OfficialSPGB,991.5121833423979,678.5869256284642,217.52565453360089,3.0335228261538782,855.9011125040328
deray,892.4563349851509,873.0277512851335,519.5411276432218,637.1061439472394,828.1723184044719
abhisar_sharma,549.4091768384491,511.55694657785756,101.30649016964222,659.9573310232603,254.13652989933604
j_m_wood,929.9048339012367,109.66427901473114,368.6559696817951,184.97603437497656,474.308885937769
BabitaPhogat,211.49557625201592,392.93417977887754,39.51176820576896,645.3372744780793,102.0118906473143
sonalchauhan7,537.0156887668452,744.3280956983323,436.8907641830876,783.0270620948048,444.9976073797258
TierraWhack,644.3576695151103,183.3716357484158,284.9429041759268,192.67901688020666,395.36763550788794
HARRDYSANDHU,355.4195992593125,693.1491446238052,256.32173281987804,630.129165911441,364.34799469762635
VishnuThejPutta,164.87271458020226,221.97892677691738,11.905335997467514,189.3143202522398,18.59860169953026
Mashionpk,871.9024369774169,736.4956650774731,868.8635706651777,511.2021619654656,694.4040367939122
GT20Canada,226.15830626263661,829.9472422795054,110.79518960576156,48.66774711686922,857.2550040337337
TedhiLakeer,535.385575161425,148.7675120914869,216.35348782052543,569.5423365724617,100.36272188713602
anshultrivedi47,582.5052866103401,549.2500584736057,51.85703154353277,436.5930961633704,282.1935491825855
SubhashK_Jha,986.9669682719813,150.89345162108836,281.66985028704477,60.66157365188551,197.77721288592514
RajheshVaidhya,239.33528004748527,116.77343137408624,177.74993021823937,293.74575971552963,20.916344706779334
TimesNow,761.0736863323219,580.655236506551,402.9127257085192,304.0857722109039,449.8199760618076
Investingcom,702.3856020233692,614.6438227471293,531.7165700638631,61.82287434800471,782.4671980192443
Farooqui_Naved,753.7459261328345,689.5956043921227,138.2675759945492,420.6719036903097,424.98135479222844
Ishratfatima63,230.6343338601935,355.29966188209335,39.24481649226069,558.6975072800684,26.379194770047796
john_atki,907.4250769242414,676.2025551618959,325.15429855347685,357.6572777934677,445.93992707560477
HHCGuiltFree,311.5114254150595,76.92083867162309,306.99439176384504,304.6924433756525,2.055336891618631
khushsundar,723.0739530883759,779.4166528194258,106.07967289144116,675.0581535643935,451.7884756384063
caitlindechelle,133.9602130572427,877.819262482475,534.9341894484033,667.0048194519708,530.8592906830231
film_worm,911.9975798702274,314.2390522660957,164.9183780796748,290.33766155524637,368.9451542558467
SS_Screens,607.048303452978,709.6741368751431,98.1458389557861,631.890697297373,172.9469524082624
aimim_national,932.3648399738901,847.591146380555,452.8738892731028,133.19820939449028,706.4407251015415
liddytronic,896.6271597660455,7.475696867132065,97.48310625318007,29.473526339890643,213.37075844044307
moderatenormal,548.3343258948089,96.16558050641395,461.48026792975884,212.96142501885257,164.44082061568523
gilly381,518.8750143965995,672.17147959095,394.2624746582096,570.7111316733308,440.80429462444664
HUGOBOSS,830.881348312839,904.6885168520078,489.7348906266918,436.0948949946429,711.4888985471117
JohannaKonta,363.0336883761163,668.5137749365817,403.6549168243752,662.7369207127624,326.23111050421005
NagarSugandha,358.04735035912285,714.4564510916682,78.16474697767767,370.6182491791421,453.51270540774414
StellarEsport,454.54755334980257,641.1448103222272,37.948208208683724,2.255752428543145,699.8172235124345
Nawazuddin_S,768.9251280863645,687.1358390365607,91.19255259759434,794.8714988235273,217.2207164736286
VrenThambidorai,946.4267912658189,579.6757522010623,119.14979909330992,335.2074890294605,327.06666671290986
VisitAbuDhabi,886.9930897715494,578.3546692048044,807.3113914104108,560.970747506877,651.4328555706412
WoakesMitch,76.63131212344577,733.1755572941925,97.1111421363327,641.814633170275,509.7869934789176
EntrepreneurAPJ,862.230803840351,574.3313402502498,872.1658637571563,36.22425635777798,847.2983153607498
ayesha_m_omar,840.0784901497055,675.1050111041217,534.0003757153561,839.8735276972737,200.50530556754615
imDhoni_fc,373.8773367291334,725.7775482874687,89.27170785019368,274.1099155373337,719.9285010744276
shreyaghoshal,450.6313673656286,405.24816730608603,118.59953134587481,681.2114959639949,129.10430383441857
OMGFacts,989.0447046870374,279.48521140109426,402.11932726989613,20.166298233668055,777.9448355844645
atulkasbekar,646.27733404227,461.1348244988006,87.73320628492482,86.77646466819705,540.4172698773041
UTurnTheMovie,544.0284546919833,776.9145939844939,101.0052008152072,421.6968947993545,247.6333116520691
INCIndia,756.2880889718035,955.9629870419845,468.8029254476004,499.8572930114178,903.421247527134
ltaford,828.1624104906148,619.5069922873037,297.2836821918154,385.47867443294365,659.0807509200656
KarulkarSameer,645.7925304363946,724.1196477029712,586.011333590959,403.16993603779036,558.2945976464488
MirrorNow,905.4496916220343,735.5522132666301,527.2096967180275,204.18807199810584,636.146905948076
sidkaul22,367.7479017154383,887.2801984099627,286.86233927635305,803.5692531998707,650.3073431923478
bealoayza,964.7782841038553,44.14286938389406,169.47234048465654,148.83489320605315,152.78869270742285
IamBilalAshraf,329.10464917306746,754.6501299134325,193.21573689920928,680.8598248452897,333.3478490414844
timpasta,933.7334714431354,38.7728624943483,118.80019305501116,177.00637772380966,247.81818675469154
HBO_UK,900.5287796607797,56.5325950154284,737.477100446038,513.4557670943329,97.5045207296541
Maheshbhupathi,478.52849400101184,700.2377298981502,235.59089843834252,335.2745454114423,563.9044015419197
baraju_SuperHit,238.40570350073799,236.80563900471137,9.495543880012725,175.58513546838256,16.6326240337199
WHOI,972.9289778953673,582.1322263148913,348.94732660173287,67.13088811506901,504.4659296279315
mybmc,265.48019591985997,942.5832805547323,168.422879225957,913.8068375253434,491.8970018859935
dedecrim,908.8964359162829,219.29717702947295,363.65570917778933,292.57388737635097,317.2010453987585
QuantumLeapBack,892.0453235787446,574.4202509443355,219.95117460172187,40.8417629608448,560.030726596087
SEBI_India,103.56684133430922,263.33339159747146,66.91206921592979,172.67635469796662,65.5945531073463
guneetm,497.33681469486424,678.4789654279331,460.8873393588387,941.4407502101066,192.0518729825436
kamaalrkhan,809.6319252536881,620.4414672444296,30.6733531962054,229.5821904187605,467.3541491810774
nikitaruhela8,611.6519238621604,98.5458326429724,58.91071945519266,549.0001310780979,174.2143059301311
AnimalPlanet,855.8367831629134,468.0628829264304,370.305971271335,314.3054090651939,341.6233147664495
bhogleharsha,729.1140480047153,458.3130234632557,78.51297517811007,243.10478712863664,470.19327627305887
SethMacFarlane,958.5432867259718,778.7996491250854,418.744136760521,410.8965724944204,672.6335205718375
cricvizanalyst,730.7890288764339,302.21859381224857,11.091902715727631,0.45058727535640664,473.74322893101413
WWFINDIA,876.460997525035,837.1652053744833,420.1264433760211,463.3014236279717,670.1568133012917
mitraphoenix,815.8711055459186,415.5266605414842,115.30252032678045,177.31887131546765,379.6923295947761
ShamlalAhamed,534.7897861683153,764.5081063595152,483.0504569813797,503.5808557795685,617.093060172654
JayNedaj,586.2556403716708,374.05874375452,942.8653186546911,661.003911898179,482.07570419437315
TheOfficialSBI,762.0594954257956,720.432692900104,632.9356652884591,348.6762123645877,956.4872966409195
TedHope,977.6744476510868,743.9898285088552,406.8153874532385,257.34253777249774,737.1175328245332
RanaDaggubati,667.3339103063624,777.3234282505802,524.0274074125714,696.9401597844552,383.1833006780041
CISFHQrs,753.7676443452657,765.5565467103751,570.4862232974814,491.81733235060295,692.1482816892732
ianamurray,737.7546370433143,80.82421352065484,162.67153120848337,375.38816277447506,127.09770297444905
urstrulyMahesh,682.1415043119146,936.4763812207151,855.8873176467027,956.6427169230502,720.2728105958304
IuliaVantur,309.65459729402636,647.6846034950825,532.325416915078,907.2521386851402,244.85649943621578
RefugeesChief,898.9360251177078,631.8505832678399,479.29407429927653,591.2382841341673,342.8786164173267
emirates,217.60513700120921,900.8277612320896,632.1944080683552,693.2506257374953,827.4095011776021
Chinmayi,870.3102045296876,316.13390442308486,484.83881161489415,246.05334170798693,352.33511547784013
Mike_Phelan_1,93.17984264159767,828.7944769064542,48.553077656154684,505.43014779905394,481.4610733528687
NetflixIndia,801.2341755531751,299.1505230520684,217.4731882159509,207.46820626340894,219.34112331806705
RohanNaahar,991.0810839919418,176.0775369489943,29.466679646185323,22.122551939556644,351.31477994270034
iPriyanka_S,968.7880256885626,15.156148596566222,418.2201614319742,222.86518641737686,115.58062699773464
ernestoyeboah1,901.0112832426806,928.2796495446214,166.45036961944277,182.4419252668414,663.0880506619498
smkoneru,592.6999732418396,792.1564053662033,107.30571884611201,715.9488157897555,323.7457671243281
aaysharma,473.6237208747156,942.7694324901139,819.2684195437927,999.9244133936376,684.6318304452375
jessicakiang,963.6084347375352,17.921659898599508,109.78893965944958,68.77597219006127,166.49329545098485
adidasrunning,831.0809078767531,760.813870047055,176.72090670113815,58.37383996139589,779.078766595139
Eoin16,307.09104774462094,684.2143273889288,408.50184006060664,842.92668163798,376.56876570422406
mcflyharry,288.6151675595079,541.9194850135902,460.6197139528922,633.8100233117011,284.892726445798
michaelfragin,542.6072638344064,764.8618644135206,559.6549098632634,707.4018880475002,520.8838434953683
airnews_vja,334.08052489900837,709.2110154652927,61.59421874970433,495.45842486324256,207.73121621959146
Guttajwala,473.8029692062324,150.08166650813865,40.03676619931357,396.6307033300802,93.04210031585919
Wriddhipops,222.34463773138634,827.777697483865,247.00875336234196,767.8876627044955,560.0649441441437
RCBTweets,585.2864394334492,636.0349067670015,15.16585512774532,7.454890479310028,501.33253619580023
Bergy646,308.00094878206863,493.22953650849865,352.95581269961923,489.0006493625871,431.58936444583674
ImranKhanPTI,842.4485252866665,912.2821004260825,325.25596469366405,291.3923689439166,821.4474871599336
sethimirajee,958.6248635831638,379.5428459819127,228.7928549608097,564.2892497622292,230.37439561694774
SGanguly99,132.4706965276124,621.2742622473035,62.03157016475552,130.039040933292,357.54690034926546
SnehaRajani,380.84601627574324,408.6859066343689,179.43197304594193,853.6714917443853,203.1046094958178
msdhoni,324.3463212564761,575.6750172864402,45.904918474294064,301.99874176570705,648.4593764783098
RameshTaurani,273.0364492277352,775.4313921473832,37.40212256746322,812.2262533915068,245.51152080886578
MathouxHerve,359.5840164088448,228.22073853866786,369.28652007951877,273.74165860575255,150.4053597122727
aanandlrai,369.8154764456801,522.7788127612024,117.02553498084012,846.7401739381469,126.41114948084692
IPCALSCornell,815.7174982787442,527.9894919170713,368.3431954582907,225.20393581349896,329.7405467651813
MikaSingh,190.27089589157748,675.222464739914,399.4188080275585,956.6037113850796,374.23711474006944
francispouliot_,946.4881343629942,68.3409525013176,388.7009454295985,8.539675935186231,372.2700577312779
aditiraohydari,375.47974378360976,397.1898707472187,470.82076777668277,830.6890650892977,113.18670949330462
Emilyrobin,853.9598451306674,785.3054928361137,332.4146471485167,367.5832451262264,773.4330242367018
cjchivers,950.1080550809893,851.2199520198654,205.31678781619212,475.7290425228463,711.1958217071547
boomlive_in,794.170126085754,609.9897703628927,405.4410010914427,294.06085307948115,604.7635917422024
mayankvsharma,547.5162070913345,534.5232553739552,321.41926845748617,764.2201872962485,148.94628939428094
G2H2_Geneva,755.514041015489,754.3566920171972,102.71968728897146,528.8899017177998,257.17749026498444
smritiirani,501.886130848727,851.7130000724837,52.83400493081014,611.979996786487,410.9604789093975
_SlowCheeta_,235.13300794361336,276.3587109700561,280.1745819836443,707.0547407427556,109.85882914464085
sengarlive,284.542026008039,452.801523294462,5.547525038420376,266.56244518962455,29.05434511236038
satyamevjayate,619.2985858695988,555.3586323145548,40.73873834313563,408.2195820372812,280.9439144762017
SohailKhan,198.61338282316655,505.54151825401385,95.06255883198838,516.7402411233645,81.86943414434677
AlizayJaffer,643.9706859471198,468.0371844595167,64.31525595415893,478.84483563550975,321.7651768927831
SwatiWild,958.7607132022632,368.1683079053648,236.90404986709368,71.35082880779203,335.43692969412916
atulreellife,74.22745183136847,333.13206133225117,25.846536103150687,271.76659977926676,17.12479573154857
GautamGambhir,536.8220112460814,445.4678114722834,101.57533725846662,274.13649105080407,405.5499375162711
RajkumarHirani,821.4110368849816,469.5598465057554,137.29275368204603,451.2357531862798,148.49760838479222
BNM_official,33.44217719875975,490.30210143175,150.9339570951963,220.58578694166064,389.5595866948357
sunainaRoshan22,761.7534747922574,882.3907221535643,943.8441993783241,999.5199166334901,479.30139813711594
AuthorDanBrown,922.1533706918397,875.7728093456867,260.9012163846336,812.9886867082018,662.5635622040999
Davos,723.9261164161097,406.1463685951995,378.4007211930003,63.4860259910337,441.59702288008674
PritishNandy,798.4308059699645,355.0419772279789,59.90822326033695,370.09548589537724,281.42028739638135
mehra_ridhi,844.2638246334952,631.8586466301363,884.1876735542826,834.6315590048245,186.90121439361346
agathachristie,975.4879002942034,854.5372610831118,385.0785379538766,816.6840032683992,547.2261013868376
MumbaiMetro3,934.5883435797674,493.66485851932237,265.6961770575428,22.694627269538582,581.8358352659218
Beautifulskin,991.1467264843468,246.88782806943803,944.4005532517428,362.3994891329447,113.91728442274562
CNN,992.3063525025728,893.3919489218003,793.3002769946642,190.66269771397444,950.155769229231
JedSteer,115.45585316419904,629.3415253910758,530.9030714045758,769.3594826309779,481.3457050559958
XMenMovies,909.8866067430206,782.9454367657447,224.45664156235313,612.8070121281268,470.5029531293417
ajinkyarahane88,382.54985573775707,953.6562711299839,619.6658868437777,958.1196990253255,780.0755169198734
Mohnish_Bahl,248.54964023702448,748.8183279277862,170.62108004832655,916.4198924614133,325.6422630532833
HainUrdu,447.57324020541466,202.81390595898108,103.61794190423274,419.1098990287001,21.261842883885606
yasmin_omar6,900.0888459844406,172.4214739530724,518.0199675305395,394.41312007355043,173.34190940517024
shoaib100mph,259.4131734406961,645.2357092419201,54.32128679365156,374.86897365243834,416.9971171266455
surya_14kumar,326.8490040008749,562.0689646085797,136.40538870094366,629.5102416653515,434.8801969009638
RealNYT,979.005316362275,930.5727618199164,959.4364107888871,436.58591561304496,918.617030533299
SasjaBeslik,691.7444862626538,618.1851312497369,256.36210804081384,111.07033090390478,578.8964706522468
duttsanjay,663.1145254148407,700.5803463559415,379.34746101943676,939.4408178501322,298.75958833717976
MizunoRunningEU,983.9736974153944,795.7361924222633,632.0210517387017,33.48620023513982,924.3363510635422
girlofthecloth,857.5075760911477,617.0270906537163,772.6530293278774,898.5851708441623,297.91669358608453
mimansashekhar,757.6227193029086,170.17638744419372,147.79431456626608,442.59523336595987,127.03011652991142
CheyCheyTozzi,596.1353575857903,870.3573628425902,843.2768525079313,961.9104520022646,486.5573299695512
prakashraaj,652.9872199545429,968.688194125142,328.16150647069577,748.7738969476294,711.3245507074236
amyschumer,731.6146500637228,905.7036249698593,730.5586645054486,712.0466705046239,728.6966844739188
MarsCuriosity,955.7970265152164,661.2125019189334,161.89813750201688,22.9016610417645,672.4189027035438
ramyavj,610.6337213708229,642.1583027268704,674.1118697914384,886.4349383652163,258.37843640642143
TaylorMadeGolf,784.1171015310255,785.8873479237366,355.06653077184683,16.175798625712666,938.2266430584873
SayahTweets,844.4058853528092,914.0977606005328,370.8374679808886,630.8563353949681,691.3523027699054
anuragkashyap72,703.196150455929,396.28728813629345,48.78088003596059,427.884114245887,215.01318365856548
MariaTaylor,638.6118513164527,803.4204293248779,816.8957389482547,635.8878512388005,706.7453903725695
TheLallantop,74.30664009871025,212.87572718030685,29.326855236601336,89.35358726673986,1.292369983108943
SF_SEC,639.7976493283039,757.7120704885009,920.6415005943998,484.37540497798125,960.8706410566988
CybilChowdhry,674.3841307577347,700.8959239302687,732.269265242052,859.6961027074576,346.2936033245294
booker_julian,663.4154088071696,178.07000690683023,357.7195913188804,353.36197369014553,200.246365297111
AnupamPKher,799.1903181875429,861.0764543445923,572.1931159128736,983.5910317811547,471.0109248236118
MumbaiPolice,525.302612100907,371.96010791373016,812.4976643909947,359.0822984760412,710.7711996559174
rameshsrivats,515.4452804116959,261.48147105750706,22.28000938955621,18.228030695655374,403.76368147222934
realradikaa,367.0192236134542,826.1705785577174,766.1973947426582,992.6990147151928,469.50418281921065
Snehalaya,806.9401481630202,815.2846875372508,210.50782249821077,742.534178398719,451.3887307708621
GeraintThomas86,115.76281951229956,673.3415046515016,319.22660197636975,464.61059229715363,546.5088257465089
UberFacts,944.2962922881396,405.90744818119634,348.19003147616485,110.82805793901662,687.2578205279415
TripathiiPankaj,196.1769248001654,169.37688029072677,10.424878731227716,191.97081382709612,6.954301404813846
k_satyarthi,911.401810035365,854.3972644933557,495.96322779451583,770.1989136093406,680.3930049855369
PrettyBoy_FOKN,380.2910238979023,431.9706081075916,84.00499039968324,434.60391770940487,334.7624285737687
ChitraSarwara,526.0472114769067,849.2344502000442,88.16999329919368,596.384928770032,427.60717451383334
myogiadityanath,256.452392869835,750.1000365084875,118.68890764295514,670.0490512376385,439.2912021134094
Caradelevingne,866.9657984762197,726.2747787752658,677.884564218243,871.7210350508071,338.47865167340075
ReelLifeProdn,95.16410288791405,258.56657882664194,17.425201328046036,214.84812598817993,10.637980586100436
SONIYALOVESYOU2,272.2831151572873,224.95434733058883,102.59856569951253,509.8954954161683,36.94621131504755
WisdenCricket,418.941372386331,529.2743207836855,19.996200225929627,16.631348086789068,457.80261276396135
POPSUGARFashion,912.869774084392,739.3297006192439,994.9300754913565,447.05701640836696,857.9900240266245
tnyfrontrow,994.2787220847565,97.8269850851799,350.434516162777,38.98212423422759,395.468835887164
YYarni,476.5524672667287,194.81615204141113,414.07599300126293,465.7102143688679,402.7878332619941
vennelakishore,231.29757666447165,329.282673348233,69.67810611573566,706.758653418232,82.7186778000994
TheEllenShow,701.5471551653645,722.1193923914469,688.8876529626124,655.0763656569119,622.7716025208606
LewisCapaldi,20.536253722186316,246.45985866733517,614.2905420722628,669.2311685408587,67.14983608270708
Flipboard,958.5799816143558,862.7714634378103,613.7153109661459,219.34427637337328,688.2801113436099
AmoskiprutoS,25.72136045482487,339.2194065111491,744.4875463595482,707.588854904406,267.66898083783667
rahulkanwal,703.7399722463668,596.0681795955416,387.7620692914098,285.10632423584116,348.64017456147576
UN,850.9761202948389,759.7833053105113,434.1342468794657,298.9136330251882,634.0688775417929
MaxRaphaelGreen,966.5388855263011,773.8002987183214,552.1933791014276,587.5716908104449,766.2237792163326
amblin,971.4685455826983,788.2973772264603,184.91794629510204,275.08540303153677,668.4617832569573
glennmcgrath11,224.68357543072847,853.9318423672108,627.3603113185106,716.3319365831659,717.4929457793696
necromandrea,906.9996712754513,216.6570043455559,316.50801259876226,298.5101771703054,272.4642598520206
RANDCorporation,897.0986569376707,653.1606849501,399.83927431051654,207.93421257889332,749.1344771513693
patricksanfran,897.3799726478495,866.8512677260185,249.64734033972147,393.8620067198684,580.45363893337
iycmahe,140.4321569647153,373.46577562453996,36.96597460019036,299.753022544905,84.23380640538852
SAfridiOfficial,521.7400792535394,915.0187778705559,270.74700997918757,834.3528065417545,641.9204718047781
ihansika,544.5838340912245,777.9674395273232,637.2226160705012,966.987666359155,336.1102582992226
VivicaKraak,782.1192733294757,763.8598306888307,255.76486338006598,256.0831518239247,454.8442793430997
Suriya_offl,570.3524875311456,797.339757449681,221.24040329722266,780.7795521646021,400.71371446645406
Boston_SEC,692.8448273323058,876.8375334806481,925.5033631454274,516.971857425012,968.7453986487278
Gmaxi_32,343.512538797297,781.3847518702578,353.93144917691603,488.9519714090532,587.8528344128788
melissarfleming,964.1238967029864,513.3036076566702,378.36822380529594,421.5087214913257,311.7718606174955
WSJ,964.7857596863622,722.6012915189788,636.5073315026275,33.07752894291105,918.1331827902908
dhruv_rathee,890.258013927509,485.2017450172524,318.3517980458731,198.1672922114725,523.1024196422583
IndSuperLeague,398.6082765503685,663.0787611194403,41.4939821146566,29.804263447772094,573.2197003458483
AmrutaOfficial,323.90162237535833,211.86921746464276,219.64950319326738,702.1823116210932,45.396208965805876
radhika_apte,701.103586389972,490.48816018814756,258.8941204876613,548.9324961256472,263.6002282425164
sivakoratala,568.168144043686,872.8017119911766,129.33182007504374,802.095704849859,581.0707534459981
SIKirkpatrick,868.970651894857,790.1028701676084,388.888625099528,446.2922924269983,348.0547335019337
gazalstune,860.7847365615985,259.5358534871703,392.2263759467009,853.0067594280374,99.91168173402009
YeeeeeesHowGood,460.488676131656,211.50478424682058,172.0489559973603,70.19555578712,350.6909407167063
narendramodi,674.0711195703457,856.1294368002401,502.39729827049064,456.7996262234294,440.2007259588659
VishnuNDTV,893.5054232199408,621.2699905200859,156.45286253793256,38.83696296726791,596.3329839679088
MuniDharshan,887.455838958217,938.6960944500065,788.5651673645337,179.94761626072236,810.9941995841539
Sharekhan,752.7761883557778,842.3105081448628,756.4160222241572,403.2864957754415,892.7265402018261
Hermesparcels,731.1711866540605,972.7460000682295,957.0940255057709,990.107944096163,872.0304361968383
ava,889.6232322701045,846.2576737023043,777.2463919681259,987.6894245482688,569.3371764403536
AkhilAkkineni8,535.7124695891104,973.5755924087009,781.337126196407,971.9465354599225,718.2026784097361
GraemeSmith49,337.19313713547115,767.1903066886032,491.9754389873667,673.2524312821386,621.5594829115726
trishtrashers,641.4713373304198,947.8368557234003,946.4564194902742,999.713061044759,742.6956190459588
jatinsapru,498.6975013779343,555.7854803800973,74.21309009542254,157.60444596852514,531.7180944587441
RanveerOfficial,503.74776985013204,275.38183958353034,92.18178091834555,30.442752582472423,289.77547760256397
BanitaSandhu,378.6159485794087,497.36341296986046,303.51085849082284,763.3043338337349,171.133804601866
LedleyKing,170.05443468551107,783.0190339347363,32.835392821214334,278.88480451308584,644.3187008532877
AdiviSesh,675.534864369972,552.3109704693103,251.53634384489888,689.5426979833985,318.2518489806141
chay_akkineni,668.1078310062748,860.628957923419,221.3364657480533,814.4949958852695,314.51933153366775
mvj888,360.36638170629277,940.0013260221496,820.967335844142,993.6779992351268,800.4706912113649
pinkvilla,733.0893529107142,370.5090860660386,474.56578298316566,528.6950734101321,159.19792267546578
BallsyWomen,153.00497810061947,32.487533726298146,421.35475789667134,112.60157441083074,45.031712075811804
anothergaze,978.1361576857769,306.847806192889,428.2445026308014,360.68612307389446,134.11932692681
HannahSeidlitz,922.7643931262684,121.12223441112558,548.3330664915533,218.38424636824732,283.32121805470223
IndiGo6E,661.078303869353,940.4439047147022,642.2043437478692,833.3946164961744,802.27872002962
dacourtolivier,344.6390923616549,235.33260181061615,385.24620261120276,271.621334194758,124.62907969417824
EnduranSobebo,317.61779362110826,794.8480650151683,15.308625327987047,168.2952334799351,912.0743767094539
AWSStats,9.816051634697898,570.8652360777671,2.1292746847836885,24.310465508616375,148.5058529890655
shooterdadi,188.38922729154635,504.68149543987295,14.198086792595765,524.5821773500016,81.21094194942985
NatGeoChannel,964.1742904224282,732.4524769445292,399.8768868130849,121.51102001388608,739.9048150261497
IamChiragpatil,452.06226539577347,345.00414479569105,60.92715720848102,357.9038253173986,176.74280574844693
initiativeMENA,943.4389883821706,585.4715659646804,542.2818074878365,76.97714522912902,527.4221709278842
MrAkvarious,856.0904623269321,294.2426123190559,126.61548153211439,495.95832097337126,122.22451104523662
RaoKavitha,698.5682737340933,906.6881140411458,624.9700929884744,721.0836036081758,557.994746341957
SteveKandell,853.8082389516421,184.4543165997194,347.38346173131987,385.02177516919613,470.2221685177659
venketramg,751.7247745144535,579.4731230132574,568.7803796231508,574.0413687388466,179.75462293911616
varusarath,256.12614380789927,612.7816821796732,139.84247031876245,806.5561668441903,261.9459655073968
latasrinivasan,665.5498786640011,444.61677718621456,91.81064078124767,245.29273746982938,329.63936544080417
MaheshNBhatt,640.8541840303434,461.9911823660859,30.352003934075945,573.1499365721717,182.85965278406823
GiGiHadid,745.9041930153176,662.2531958311603,320.20596888330857,717.2070108104932,401.7000859138809
Asli_Jacqueline,194.4226715800021,345.90378765209624,371.03866286535356,357.0991397939452,119.65161135681879
KubbraSait,792.1454637153145,441.49066932087595,518.7018488861695,698.7284049342146,361.48606298527216
natureismetaI,974.1043512429725,73.42298621972826,196.84539068931457,1.1702249811532117,415.17824602196754
Pataakha1,690.3454569601441,146.45791179012917,634.2661619179135,473.0024541147123,58.72332570305
drsugata,794.3206409022566,747.7332397592245,437.0921505324028,377.3147082820838,648.2129475175504
PTUshaOfficial,548.2692207654276,928.9958399605902,493.02942891913057,734.2520124002666,782.8937764335375
Space_Station,657.4384898981784,830.2468261029247,40.9346139579928,45.356901997919586,576.7798431895617
luvsalimkhan,966.642782802793,383.47885692121145,114.07682241215933,137.15271829932385,544.1466985412379
pokershash,328.72102109190075,291.8853558363521,64.79474579906585,491.27656535199816,138.04948067238436
aliaa08,455.921759789369,203.6543360993246,67.70736722921178,359.4705134154222,20.116090482435123
arrahman,554.0696570176154,748.4104760177522,103.82569540361814,421.4096642573384,550.1109392236476
Snydel,949.9900995174229,41.94072272406424,37.2574455031911,75.11196061247938,212.0381822807801
yrf,595.7996893224871,287.85801461195905,432.30464387434705,376.91298626166247,206.2107495110577
ADFFilms,259.8027011275004,741.2225436488709,39.4144791148619,462.93537222783516,247.0743211808058
thedeol,317.7643041863814,512.5467257858803,262.75163497024914,627.7229885076111,104.51653418583324
DoP_Bose,498.9346614809138,577.2592796700293,513.1564221781176,791.2552088072,379.6232910773318
ImZaheer,410.55299644506925,933.3688359617901,602.5300818085791,771.9825505567202,770.9762102898396
markdelmars,675.1221922367521,213.818395376621,166.19084026334403,110.8725830344911,553.0318870856674
SmartCities_HUA,832.1019581653082,458.81467750603156,652.8698162210218,87.43717818635326,788.1499021334461
marcmaron,801.338844207192,603.5568349301626,741.5551079002339,729.5414538594678,384.4929160238931
piersmorgan,657.9197196410145,153.66047363754925,276.8740129761292,382.1664633420035,322.5832953587804
RajeevMasand,906.1209071648929,222.31382358722297,287.85859409427223,673.624416570132,234.91674883459734
KieronPollard55,397.6634544447429,895.2685741551069,731.9376672478339,917.7793426674203,739.5825882315896
RaivanderGouw,7.87553357773918,610.2765206854564,234.3262127782053,622.3501472048663,484.38821933448986
PaulJheeta,461.8689607655603,894.9806213471794,732.5352618614506,986.9151405087927,624.7155925481371
ReelReptile,726.8678370862167,182.0217925354875,49.18970737259015,262.6752378119627,273.92625778600774
SecComMY,430.4859653505296,706.0633932735341,491.3764021773696,405.43553005327203,429.4694286398162
ZairaWasimmm,787.863035479409,434.7630830731318,178.1393120641312,781.9922778461339,215.33690904761548
roshanishenazz,930.7104977984471,752.3256479303524,324.6104864337899,358.80049786636005,587.4405257640938
SamanthaPrabuFC,599.8263479131059,697.5807767911077,139.26362857915726,583.7935394395738,198.03104303631525
Ram_Guha,967.8788195545802,621.6370628635337,158.9878718612017,141.23218965603778,497.4637248200413
chopshopghana,406.26228572009416,991.4021985801285,760.5982317184978,946.6388482433567,769.2253508777203
DaleSteyn62,347.4708154548095,440.1073242817169,276.89868567608994,290.46898506128383,510.8853369267792
BBCFOUR,889.590393840189,460.91228505117743,491.22859964392467,217.59599369719672,341.9808509351646
gatesfoundation,754.8336021521571,790.8679903472676,273.36655700637357,261.96916416699963,735.2722424873231
rosenior_liam23,304.8020893512612,465.84583262313555,518.7976799127365,834.4050259956553,400.600055644318
HelicopterEela,496.70676818284437,235.502920970812,63.74850076290461,391.45086182909284,30.16092091142941
BobbiBrown,946.674730131238,902.2095834260894,889.0083383844685,865.2678730783612,865.6495902986678
maxboconnell,940.2383114162307,49.18292038242367,150.06461769077433,175.57036162095835,277.7477913169406
Advani_Kiara,444.4313756982541,333.54404027468235,235.9250745955027,507.1557119316528,27.1661154765131
RickieFowler,427.7132381939772,900.2621580178707,325.20368091956,410.91697419799715,761.001102722068
timesofindia,671.8924497108001,771.0791979861393,305.56245072310907,667.830256794969,483.030668046703
sridevisreedhar,769.3423143717333,84.84401271940861,21.96246194722995,71.03436286847325,4.081667389677024
SethShruti,527.726219279176,614.4732519117742,130.21240653629957,627.8703591683951,290.3739367993167
brahmatmajay,626.4215536844273,115.47883859833263,18.092718595998925,117.11169052040165,25.303799826362162
WordWhispers,977.1089100448364,356.25712281326935,238.81554051402426,468.7813768737853,492.59081404604854
soniabahl,979.7038138772735,168.3774629789118,358.092653892886,207.5946531760734,220.12699155692476
ssk1122,574.8473900998404,916.0131676305161,822.6252662828203,985.4576118390569,537.0419724114095
madversity,883.48507341512,365.10279055183673,423.38677663312643,106.11229861088967,461.26391103238586
runnersworld,626.8672707278602,822.5624101997636,436.2614522335213,21.835762813047555,847.097647453731
EFLFighters,926.3995951508767,949.9443669420002,374.0177951589565,248.86223741736868,737.3596141781644
rivakishann,339.65331263775266,118.59102433566432,165.98014817878337,735.8569199501466,60.717035099417615
NatGeo,993.6180236727903,552.7439447491176,147.73926623341154,8.182743811150639,635.0663815896041
ravishndtv,126.63921219504704,148.70656111098464,12.707769451104078,88.42324654298083,13.22895661865231
SVCCofficial,391.9890015951712,207.12333120225057,36.15018015642602,333.75980873728474,39.57954534568475
VijaySethuOffl,585.9397116108046,289.0857804708772,23.243805375961045,261.8707201459725,22.529811088211282
AshaRangappa_,968.3275448366487,693.6883266958698,294.8924608202652,374.4885549448251,712.5083657283477
JonBramnick,905.3497355711435,868.4341289109344,954.5369410820788,763.576170947866,898.1792850021131
teegala_kranthi,491.40119703886904,552.7399701101396,198.17853609090446,316.95567844373517,475.5897641481854
AtsukoComedy,662.0818748474311,225.06414004906145,623.5633866838789,368.748583779421,341.0841339085337
diljitdosanjh,87.83779014194066,390.4514436061096,46.31873088730365,536.1637999813873,58.83938973826414
jiteshpillaai,863.0736102150322,416.34131365473235,128.1669372948966,582.2262176633083,329.86193088502966
SyedaNain18,496.46503729738697,840.7745809341695,542.1896975528349,888.1919268868493,584.5584230272383
roshanpinkie,126.7669927005331,370.8240882711268,256.10256552227617,990.51690422114,158.73869720928712
madebygoogle,232.0000022757503,678.4399730523636,712.324125814563,466.1843162270096,636.8713888604616
Malabartweets,999.3136780285605,952.2630540740199,997.4309597349452,972.6640691119079,910.3372273553354
MajDPSingh,644.5203350132384,691.7810894281033,85.66015301571284,740.6294932702045,510.3901890742045
carla_filmigeek,979.8888046164906,96.42566020683974,161.48606587739616,326.94974320827254,295.7729700146966
LuvFilms,591.4230528641266,446.81568221200416,142.6009593272774,648.4841412512712,77.80171272316078
Ashwin_saravana,869.0877867938481,523.2623394769627,148.5563407645512,478.215290832399,280.4859243973133
airnews_sbp,122.1608716337222,270.9251823793469,247.9915410695569,331.67077869035734,508.9115970149493
MarsOrbiter,715.4495295480341,768.674709844736,399.2905294418062,147.50349950866854,673.7089201639451
mrsfunnybones,893.4498668349964,459.75409618508735,470.29546819766136,706.7833546749303,375.7230473242077
jourdayen,898.9424025076867,165.40526590689518,578.408747559656,677.3670556915936,290.7588862532966
ElevensBarGrill,388.21127948739013,969.5746309391423,238.5134569548526,171.08525048241447,776.6520870615517
TextilesIndia17,595.997900658427,412.2522288189776,342.5724819600852,163.6967862699174,282.0759430174587
radionews_sgr,104.2920768003061,923.9559516638119,9.6245463732213,656.29816237466,539.4229119022741
Birdyword,890.8313941691935,31.039364303353523,128.8320582363302,17.41694576307623,222.13191374436292
styledbyindpat,718.1397581252094,363.79002153990785,674.8556192929663,754.1272405782587,243.56897598023903
Bazmccullum,557.4875354644837,825.5569274785925,631.6239049557538,376.8772439660275,727.1415568450448
RajuDhfp,106.34233328513749,114.4864355321586,13.090714784132928,94.68112216853086,4.865434769915411
AmmyVirk,163.41512627130572,232.5687488336904,14.288256408288735,306.6639433753816,16.39854970261967
bprerna,873.3447927780903,294.1667522334174,156.44216364672803,287.4744005616747,310.3701391368412
habbaorg,529.4988777779789,699.662432222449,494.01075066929457,326.83142247290556,865.1155219329576
mmchandramouli,368.0070125708217,758.2942832961775,26.67656557976833,619.9242833094067,276.9862479472058
TownTattle,979.7277166978824,198.46298466687773,304.5130533711186,365.21334645516356,257.5705526144215
david_marchese,970.683363234365,116.28688909287105,163.14155258633878,314.7504015582222,354.56153370210694
Akjaykk,60.03190200873082,202.5943119977437,75.96157588243501,439.7979738275752,22.517328298076457
JamshedpurFC,335.6279253676873,576.2361204476728,110.00951490261541,31.52594587601798,655.5885414125077
Abhinav_Bindra,520.0688684591832,684.325593183887,390.72143465824354,495.8593255084278,575.2612153038148
byron_powell,566.4705905301694,642.6440485314828,623.4610661413565,866.9629607101324,219.23831952754608
PeacefulPc,821.3241720307943,13.009158910438634,133.98465678964462,120.34838526491548,59.064345438768264
coldplay,801.7755463382543,660.3087890923553,21.684304746412252,274.543810467588,302.3548308377483
Fashion_Critic_,817.608544515803,306.4831676312932,927.1434704068965,333.82067402667917,281.6915589285332
gowtam19,537.0011441708233,933.1773588830852,261.4844746566717,938.0700987486767,513.3549148881116
VidyuRaman,476.43337806113215,410.65893892753843,460.1236981741203,868.6037927319559,179.15756146505717
PBNS_India,620.576773263697,740.6997735252756,173.08138282848802,318.165159930501,398.44108891698727
realmadrid,159.113481528814,255.19177617463467,329.83149023338376,258.4833721808792,211.86504594979405
ARMurugadoss,443.94585555167544,725.2170757591545,85.85308250465623,760.3176235023357,313.0234518449985
MarkKnopfler,648.534776411504,730.0636906999456,117.63629390754265,255.88093433950493,679.9161368200861
Herbalife,643.0800058045975,969.4006138788451,917.6259365492054,310.97200909981467,879.2533066846455
ShahDaisy25,533.898096216819,708.1986762274237,608.0229222073633,779.8783522009892,450.96918175350277
vishy64theking,561.4468508485093,579.0671879645325,122.67841693773363,231.1469697440278,470.4331092874627
sanjeevsanyal,814.432705646424,482.9228156119212,74.39963527068083,113.47732974076146,327.9467673082934
TomiLaffly,848.7570951681464,64.67071352896386,223.4656687407065,627.8496627705669,142.6080164539178
BoF,978.4031439779905,616.312261477097,818.8716835924257,115.0673833678057,826.4477575541194
SEC_DERA,878.5101329960742,873.5841531121175,764.3942943025714,362.53252004930914,875.6333318432577
ErikSolheim,854.9823739692429,349.27318384123805,475.21457193224217,43.399579407930545,591.8287226610212
DraftstarsAU,372.2218810595737,897.4453132411852,26.382322339766507,220.13337731418235,876.5803683859043
SkyCricket,465.67288606143103,519.32666523774,46.03207850889468,44.10726863089454,422.1041284782024
deepikapadukone,614.1873595690201,815.209466532286,726.2365869835565,967.6269480111655,339.7088216509339
Fit7Global,303.56631256410515,833.3683642311685,152.34059079314892,26.854760796993173,648.6698439744741
MsKajalAggarwal,548.5356909700791,733.2237435189943,901.4211050261629,997.2973539261718,315.81759784876147
vamsikaka,376.58106592843177,294.0305666423591,6.418573624419999,122.36479241098236,24.195004065855564
sash041075,858.5061259374826,555.8376837461016,162.91189605550582,700.9671676474308,187.28071541424575
ashwinravi99,573.783283078976,493.0565763769146,85.32173910897062,203.6299733954981,415.2153085492784
runninelvis,285.35073516942924,440.9543383882802,122.03211103403444,44.77792762815702,462.23765602266735
BillAddison,936.7783390885483,848.5102147798647,752.6677041722072,766.3638844094279,522.6707923473343
TweetOfGodd,831.767866745818,53.014441760031396,46.3800706068242,138.21944137131575,182.5163652596651
Maanvi2501,935.546681080937,183.31141663870216,261.6971526841354,379.0404187190737,187.84035098996833
santoshsivan,660.4343139056474,674.3243404864303,94.0801488768092,555.5080224700397,390.34201987232257
M_Raj03,514.7726753875971,819.7770100955993,383.5692360059848,880.54854472413,522.2516705237009
HillaryClinton,886.4294941185451,934.5948004918035,600.9035500688846,661.9018577208033,795.659773891829
AnilKapoor,532.8192460321899,865.6477949474308,807.3123040788078,964.442608006434,590.7554860447146
BarackObama,855.3889247879731,967.9274333751104,616.6952463343517,730.2784515502037,881.6181913521799
CyberDost,903.8495232546715,813.4250012112776,542.2550335726095,250.09016509774395,986.3291264206275
drkafeelkhan,354.2149018860953,571.4370119372766,48.682597026127816,676.1061644901721,119.37366998331106
nicodemusannie,410.30171270837457,78.98551610810378,360.74175591800474,862.0634043880897,124.04627748237557
viniciusjr,58.80336060673702,235.21386498236612,349.3218451912557,276.6803868099555,313.6469446559469
TatianaSiegel27,914.1558162537752,407.68722914252277,692.1695420729759,626.629111696216,603.6340848254047
BellRingersPod,775.2196074919789,789.8491838968896,140.04852878985608,227.1509132591491,345.8322725879746
GiantBicyclesIN,873.9170606937749,804.849705696867,356.48342709161744,88.70656428459684,940.8119459867677
TheAmitSadh,338.4053689550933,804.204967072259,462.27873228317054,950.0646924015496,460.473534418835
shilpareddy217,792.2344630317465,539.4679290566347,425.75483177200414,794.2483631205367,198.07035532912565
EsteeLauder,957.9278949023508,963.6927724066358,917.4260908512015,723.65779083563,889.203121520268
dizzy259,300.05763468091993,788.4931100134112,88.84196636872433,467.6101832612801,425.54977246983486
100MasterBlastr,587.511733041004,755.3034829969863,10.373693391107942,16.66070085634391,732.7889226539246
Luzmariaderegil,936.7703772523392,668.4302559307944,604.9063823298115,263.93661663618235,536.8691148090915
IndraNooyi,894.4603832686105,941.2588503953439,746.0760937566514,849.2595176306775,775.3871085724129
impoornapatel,383.84598277323704,801.8637215967972,376.3131838873309,904.3050999432593,499.3703000391082
namita_dubey,520.7755107882614,372.77842620662636,119.0458675855744,790.4716616467543,151.1349446005348
vatsbhatt333,340.7898610195066,336.09157832148526,64.14361366056481,590.1968919472775,142.2786715016961
PankajandNidhi,573.2626507471082,559.2854279894106,477.94502913326073,598.3663978022522,165.7959196325836
AAPkaVicky,201.32663682373004,725.9606855212733,18.81166065006129,700.1442643175959,239.50289682517752
FOXCricketLive,491.08402326476295,524.0570798012757,13.393771563935896,8.616321782395852,475.3874838109216
gaurivij,758.4445269378948,250.52301673870105,132.60575774896705,567.4758908374163,138.17287331641387
Ken_AYE_,334.96606139779607,719.1014715989538,243.85909728123366,808.8313877585326,583.2565200470607
Dictionarycom,992.8051716711958,778.4234749773311,424.5217795018206,228.09525740212388,778.722915382932
anthonydaasan,350.0094634206863,303.68600644868894,95.3849405747314,530.3289214709873,74.34737719660428
MosesSapir,108.2061507469057,164.97231476172007,18.983711833143513,321.9185094679122,16.68895086612482
BrettLee_58,393.30987208067233,717.3047701784748,394.4438289377138,602.2032253667661,454.00199348909854
yuzi_chahal,214.03947241259263,844.223614129203,380.99965519124754,922.644278826541,542.5261283101867
MirzaSania,639.7986884674531,695.4061862939184,637.0499628068966,547.6873893851173,407.9818952534896
RohanChandThak1,487.4663521190274,509.54298595176397,92.76294784255262,290.82871407977086,344.1110909491768
i_utsav_,259.9617659097349,543.1488643039036,12.198277530020507,819.4665607784345,144.5034628440632
JP_LOKSATTA,937.9966957042799,834.117328737952,572.2138513645948,96.41819670989493,719.9703718440629
mygingercrush,986.4689912074242,945.9036706937176,941.152099588318,375.7686231206005,939.7424243386657
BJS_India,371.6806838292002,656.4815852326707,67.25272941376215,445.7094177744189,557.7450624737291
ImRo45,374.209523152815,936.1446295830962,702.0514538702943,960.4244654506531,753.39679969804
adgpi,896.1909010392368,816.2453344138559,231.05085048151997,111.31253874772196,723.6113948258625
scott_mautz,809.3196291991542,833.0238739929767,783.4656404142696,581.0524663659365,859.8291604504856
xbasenews,736.3739018203663,438.5129876163751,183.56387350273258,37.90356286784924,388.48233338347694
mjs_DC,991.8026372229499,639.729177403364,510.47000763241243,266.5784326646836,725.5965447627777
sundarpichai,605.0190392632544,892.5897518034209,504.89533463505086,527.5459236246056,869.0613909954712
mohitdhawan_mr,19.24247303726967,617.483229471605,11.824681530727965,634.5631262583491,137.8672850834405
praboo_mass,24.811726443120573,132.16470447193197,49.25902318089881,142.3585430368599,0.8211240499214623
italyindia,460.2098898398887,754.5971918381694,142.14332450797724,766.8203877236555,303.4211065820675
IncomeDisparity,650.4912344509781,377.64386113445664,447.67380557516,33.04717503585919,699.965568119227
jlucbouchard,722.8448750769275,70.57058284979661,622.4743353613452,632.467770707298,195.2377416259423
Mayoral_Borja,164.80476480284227,246.02304340318486,353.12210174630576,256.66739372755865,229.10075834907323
Sports_NDTV,317.20422117254896,753.6534101586876,6.760038337083274,23.85221026337525,510.2136942760207
AADowd,976.8796141231502,70.79588386912467,36.58930755908896,76.08952504902766,286.39005000885845
PaintedTown,912.8899105759351,187.38798454042987,780.1603787260012,407.9175263146038,294.8262285159493
milliblog,974.9747801923705,49.462734691795355,36.47581934148248,24.24730868086,171.93975862373006
Som_mulugu,656.8951579772279,754.3407548793417,178.73976124240053,236.77714771538487,547.9514519147157
getkul,520.9005995480356,619.9120088632025,35.82201694842985,809.569507209759,114.60057256614553
reverse_shot,979.9445158819644,278.2905863901529,389.4401029332529,244.7057246729974,160.48314014629295
danmousley80,183.44681923524342,129.854566349295,320.80152984138067,427.62907372756996,163.26337125268913
vrindaprasad,412.0060305486017,634.1748696120766,118.09211168553601,677.9298035785463,260.03998761516533
PicoIyer,988.2357882394086,497.4368554509797,98.99220748598336,93.69128843217494,567.0503374333938
SunandiniBee,912.7121921422258,660.0868870533208,411.20881993784633,923.4805313157075,216.9949522971143
kebajer,755.2086975076824,752.847244243033,432.8741440582685,834.9673900684166,547.1979514454308
GulPanag,729.3200539880177,413.77414506010274,99.79747145893036,240.4192390757275,316.272728185126
BeyeHabib,217.32619345562227,240.04569080502057,387.92976143005956,268.82845336176086,124.64500400184764
thibautcourtois,60.72220889804847,787.3020310484706,256.0757995574771,186.97177377594494,488.4262279790227
snsachinnandu,973.287182158186,370.3944127843607,248.4946058637331,68.27518740876081,390.5143818719591
imShard,122.44243162661495,862.4845137845759,121.19232228281435,552.4099279900408,514.3322281332945
FINRAFoundation,608.5310168301496,860.8493434959347,699.8564856512877,597.9532688491265,919.5143455494043
NehaDhupia,654.0353410775461,825.8616355730635,714.3111265764246,700.9915841196838,364.34305278350854
RashmiUdaySingh,861.8253656896895,915.3429364415133,946.406857734378,806.5196343846258,693.0188497788843
therealtomwaits,315.53135658261016,114.97334621094673,66.1944902559497,269.8470598494847,314.2828493889671
RaviTeja_offl,456.966073767566,741.0033556099596,453.21743217008856,941.2498021112511,204.81307475848692
pnavdeep26,508.77051777353734,398.8413847669484,216.34697152026527,470.3470314320041,252.68390119514183
cuscricketshoes,509.0734700969577,626.4924869369879,746.3656609105071,467.1288151924096,498.6242391393876
StephenAtHome,810.7289984519846,671.0536404364449,548.1409552040295,424.8527676690304,857.7710424259426
EU_in_India,566.538766337582,581.7401879923875,127.76522456615751,191.28936033960719,238.27649382235444
DianaPenty,450.63949682344656,930.5942344220788,859.2341182939915,990.9475964275787,560.4218812806529
DionMcGhee,0.02221942740554539,730.9687853782724,33.1332463361087,421.8063302709331,515.847135741504
aoscott,947.5348799432614,76.26480490282212,309.18786432044544,117.00667948950355,253.07773198496054
BCCI,16.914679308535852,526.0236930495664,1.3828004194728072,24.801278680822215,156.25176016161325
sethcolterwalls,965.4690219044901,674.164932518724,482.7455229120439,448.9799386850892,605.654206220507
anandmahindra,880.5479276985051,783.8162243850046,383.1908064238864,176.76158972756906,804.2331403794542
TwitterBusiness,865.4249840332199,932.6009019973854,757.3341971868288,318.68173667056055,889.1140119625518
SimbaSleep,614.2690518621712,969.2718021948258,753.1566380898598,970.7791424571277,827.5142016528614
rahulsinghx,702.8169090904538,753.9352244784204,33.7464754638751,739.6781507919839,267.0314852784558
rampalarjun,391.4055382615029,975.3468546818319,658.6719354585822,979.1953752559397,696.4993311787445
AM2DM,985.6162953082099,175.44196194710636,788.5659125841086,243.65563061602523,383.3863725643296
sujeethsign,381.6581169207125,813.2374059642638,305.0504321506359,893.0047978249722,417.23598097520676
PratyushaOrg,864.6269550037666,694.5201289456469,293.2369805942483,787.1465798257393,363.72781426537983
TIME,967.5091552532687,786.5110307366346,430.4844766905457,75.95222184341088,917.0898139823538
ShanuWaseem,459.77165088330304,624.8058925600228,29.400505871998163,479.2849591878172,183.56249160913407
TechCrunch,648.5383536815104,816.2003234419235,242.4476405783134,146.41471188400345,933.7232472674398
KidCudi,430.42924968322154,699.726466634967,855.1045411189727,957.4027662788665,647.2519619871308
TheSevenLife_,867.870751777628,935.8009376210563,105.98360306804227,433.4519221799354,857.8961437941269
Rakulpreet,304.7269623158663,307.1954336708715,137.51399024384781,419.96160396553256,74.83406626185824
JWillsITV,509.50997343106275,349.65997555681065,182.69487901170152,495.1327417117859,160.27987415446944
_tharkuri,669.3142528463832,38.10526743948978,112.11565041497273,224.1206276825055,50.682059798120186
HarvardBiz,826.1485971120346,786.1565735311759,607.8525052725242,104.1983612628789,853.9340862557834
TC59,137.55738693241148,888.4063356309075,288.2482821894238,724.9215665105515,493.10086084017627
TheDeverakonda,477.6107632619344,535.5943605448857,706.1891606598903,831.8770742479311,246.77054376622658
chrismlacy,923.2012551530826,99.79611708827929,16.70341334830927,0.49752776396783105,641.1497429659258
Spotify,888.566881919308,389.5344483625875,140.4641782892445,24.653389890265554,427.89789081665367
dp_satish,653.1060219744766,589.1276057470146,80.4612017741435,78.01331412105156,365.9743700268369
DiegoForlan7,99.91244131649269,312.8614887879869,353.51708996346684,205.99635679208228,186.93122302388176
wesyang,997.262878161459,216.3144110413047,273.7841762574168,18.9508721806419,490.6264681577997
milindrunning,140.60167915426092,798.1334986102914,174.60163027757397,306.1544084543388,511.73251969157076
profgalloway,805.9219076301024,661.4882241046089,503.04416003297956,217.9486964691849,757.3137400635948
issahilkhattar,373.43425816711664,215.7278610922439,105.34980930514321,290.7027720083611,135.62062240521
Rohit_Ravindran,163.78339607699948,347.51005162691223,25.411707060210343,147.3669434170561,213.8458768868014
BollywoodGandu,363.52499692992404,267.1670678184266,27.59506774877696,174.53705838594308,210.19550688311062
Adele,366.9900248292035,833.1872742071346,915.1881988075419,972.1451235709419,438.69491313538515
CinemaRareIN,412.8078464553597,66.9072503363724,20.78448913540659,171.9934468165547,0.8925957922837346
imfemalecricket,268.7019145768199,458.0996857808842,196.40284501002958,218.09272499737875,241.022190960965
aktalkies,934.8675910558494,238.16063054336468,160.5054508839302,286.8901203911273,267.13848108766615
AzmiShabana,746.8678926030489,420.71669253805675,126.9148644962122,851.1000089501933,132.5637181291063
rajivkhandekar,291.67178179622067,601.7059576393815,4.0176538692412445,624.1791011539785,118.00010383504767
iamyusufpathan,520.4477132293531,877.4830698906276,349.35815133052625,753.2570316658184,757.0856196820548
htTweets,661.0189368545016,818.7835861976894,187.46239798248243,529.3202091046354,558.4640892721437
PerniasPopUp,933.3503471364329,661.8212945671827,828.8818514422567,545.6853974624072,666.1187507298348
eshynes,974.4986912760301,86.04569006307156,254.34917982616366,113.43770730757097,166.1511515068984
SO_Pakistan,308.7423546652917,901.9015018729832,305.2098438007298,466.15747616832914,693.3268062727888
HardikPatel_,157.54668272955553,711.6360491879647,94.20429119015961,386.8812804127226,357.2612894762125
anishajain_23,664.2234560823271,322.04776994630856,459.4309681280077,461.5157245459106,78.86788239761755
BBCNews,466.3972407091647,519.744975650881,485.9262253538911,232.20763893794881,467.24753826681666
Fact,936.3962129134949,474.18152136914426,349.29149476605056,96.9020905746149,494.06719443669147
RonnieScrewvala,685.8416423123231,707.7525738414649,189.42245247555184,214.09073517281618,500.39466566588067
ThatsEarth,38.504411087520005,227.16057353608983,319.86565717079105,173.6036937952252,308.7756156071104
Varunmanian,791.6072974905327,866.4814650616173,495.4919454382511,404.660072180374,748.1948246260348
U2,545.9611796130044,766.8761157767476,401.11703604331416,294.28005332766276,735.4608455777103
ellataylorwrite,963.5003997356628,178.43150020882908,751.5687503071559,469.6725600494865,323.1110463349691
AllanDonald33,326.56357426357295,725.6127698545365,203.23497018469206,484.7825964441971,435.00804449370827
RealBillDuke,841.2265924021243,969.4579956936602,984.7355046173443,898.4550243133649,943.2697760014721
azeem2112,151.69714692920593,363.84114960550744,93.48327520978256,733.3066064992287,106.03675572745969
J_Wex,862.6221219002341,477.5922449926971,147.04204320884108,281.3245246013346,345.47581963320266
RightistSingh,157.18504908381232,359.5438564348347,33.38608321925191,498.2588786316519,105.2657997155489
loveofcinemasf8,962.8363255893169,106.42673009849119,107.96767310086608,168.5961662267752,258.35911412223754
TurramKhan,664.4086714303346,482.2092014128892,27.958562043841006,517.4053618861163,29.42226700087891
tamannaahspeaks,666.8943623673572,482.5884680944728,293.9822650209054,857.9701665390727,150.82533718371587
JofraArcher,134.06396075002942,394.15525796353893,38.85858892187699,299.29875895849216,336.87345503365805
Wikimedia,932.9835899250064,831.4564499241388,151.4481725804519,135.85409278914685,742.0443339170988
ManjushaRK,926.3382262462679,655.2123467146349,282.2490506886245,526.0247812693128,353.8523860183259
ishafoundation,969.051681110755,727.5857315702652,311.8945674168061,225.39341861812179,546.3073920250381
forbes_india,855.2856278081451,597.0108240587136,596.141170499596,84.71485966996345,819.1949647358315
pawanfilms,779.5725020728304,309.72478365718524,117.34439469473512,275.60686733266493,296.2588628348154
EU_Amb_India,413.59245840978997,709.7443140351495,759.0770592120363,524.4606716709458,541.5670086436938
mayaali07,467.92644920260375,582.7520179956605,116.20546987131542,867.2816067416808,96.38399366658085
tanuj_garg,876.566844683897,444.4082171435132,499.4632211100043,111.69981591731093,567.2965417077977
globalfoodman,906.0610276806431,767.4733824273062,340.2988522863718,222.52591539926948,584.767932482692
anupamachopra,969.3507278429576,347.09576803659036,607.901510117231,457.33608796768607,326.75761915122547
myntra,893.552651991619,994.2934872569596,594.205211134478,931.1052982227202,967.3535806998025
Vadcitypolice,769.8077281663958,755.9280578195353,302.8577361420922,270.960755888325,813.4622498299706
WXPNMikeV,555.3304976339609,614.2287254479489,321.1995068831582,272.8406296492998,292.98055671126866
dodo,768.667611238293,259.9954652032249,532.7328228779843,913.6251459869229,266.6337692202146
erbmjha,486.45209221039346,327.93939787941315,241.63577700842603,715.2958736338517,170.10614185661544
hantscricket,560.01395476143,526.0521684806286,10.465703863835273,9.572217541159056,563.2511083445895
RoyalMail,906.3390306686571,869.4129453815873,464.48386198492597,451.8219281153747,828.0823986873158
Dhayarajesh,3.243203479696477,383.2206431964499,75.0173628204806,505.9366396325852,596.9311044151525
ZakirHtabla,119.2335216382378,712.9236228648151,354.08589915294095,837.4185857730419,380.74944115478735
geneliad,289.5642312095469,883.1996379078151,963.3828691307629,999.6848010342767,647.3278782250693
bellahadid,230.13577968809207,487.1765654230031,619.4518522108312,980.8821527573103,142.57928871541085
super30film,531.8716577018938,376.47981162053657,44.99432568384959,491.2612314294877,85.20279396248853
IMGReliance,532.965177233238,749.3923334774182,110.67394588506579,76.57799264719006,564.5872745264384
jmainzer,917.562443846705,133.04251452572692,343.77050806070173,101.6328371154897,467.32662457099303
nandureddy4u,384.8883539411517,495.20584087719254,267.80207130221044,915.8741036810541,155.41649257772167
Gampa_cricket,721.2606595366371,330.5828957629145,46.45102464758533,17.040402342172744,468.63187153519374
reddyharsha,559.8396640827083,527.0392440879505,284.12257428127987,622.7556986112982,457.67362672886935
UNHCRPakistan,824.1322970763712,579.2959603322786,387.1912973693219,632.7587760098606,318.75731535921625
ronnielahiri,482.6496156114406,497.30559353993533,97.02545113130256,477.33196367525727,291.727262168171
itsaadee,288.977888973438,924.5125526236661,345.3111944944653,898.0627677015059,483.8974496266881
OutlookBusiness,952.1995253605311,376.52819690992413,410.32497342251145,19.02448583953148,522.8316344935514
TahirRajBhasin,820.4679544094583,525.6238448787986,295.6902659290787,283.9369634240898,243.56560877292716
joan_chelimo,114.45317331658534,787.1075931312056,116.42734628793,733.2598937418037,452.97508595564994
paulocoelho,97.38217656328857,456.58930391692274,233.59407196426767,300.16581587946274,472.6486583251512
actorsathish,24.12100727525479,387.6477009570989,277.22398428368865,763.0619835739159,199.06346372445444
juniorbachchan,149.6933016573926,430.37855345627594,422.65591837095576,746.6583052346144,227.5019431251109
et20s,286.96542435006586,458.5626974027417,70.50172984670778,119.56594993199676,488.08979291572336
Nivo0o0,680.421615154224,503.623898695178,271.56477987340475,181.27267690439285,457.17540568551107
spotifyindia,233.03843521637125,9.184562426101273,5.81790789406994,32.74742394868557,1.0070119264087296
moitra_mahua,670.0935224307104,749.4289712794624,168.71031130583592,394.69033361958526,572.4701613935897
ShashankKhaitan,875.0362800869154,565.702005659648,48.078254740749834,330.65639278409486,246.30061331996532
adrianmckinty,937.1005789824469,357.2032033001333,774.4342503780053,861.7847823851894,378.41781772450963
khaledhosseini,925.9585000931805,851.5332699921559,247.0790197630687,946.9132855480153,497.8986609746048
eWhispers,102.42593181201303,136.5457522024775,38.8371426572906,59.429113699810856,2.960535008212195
nytimes,976.2163913131561,917.9024227053567,667.8562468381925,274.9931584092676,924.3318949512849
taniasamtani,177.56224388910329,586.463348867527,163.98501716018353,800.3972539396185,291.18368205617554
IndiaMeToo,932.6686036698611,424.0088356775756,477.77045964485797,494.349224007029,305.1402163898007
Sarah_Taylor30,200.55932387911147,656.62336625187,660.3811729616175,931.5209984320364,382.8178431572461
baradwajrangan,920.8929379595345,257.4430712546677,106.63462900672415,429.9951853384309,186.704276703732
raogajraj,428.9677193580551,610.8763847391454,103.66762008540876,755.0656790841867,175.68681396127573
KamariaB_,547.5094332424324,898.8549529892292,201.53366856624982,909.5556420079794,679.1351791168794
hmeisler,699.291419751548,313.0603969920153,171.8610321871501,98.84916164723361,491.24816757434036
MAFrancheUN,700.9277992654143,767.1776806165293,472.7783176175026,540.2868295879082,332.75472793919204
RaminSetoodeh,969.8759378674739,197.3144052329889,721.8562843136451,424.5656871331782,492.4208144290045
ajaydevgn,242.73811608332176,466.0068711752433,235.7818265553796,909.0641738937858,146.70602790802818
StarMaa,1.7627189407853905,296.1849427587331,40.54804823934444,89.35365795809652,14.732729676054435
bigeasy_mag,966.592400380606,941.1819362791847,512.4072060496101,353.63330332736166,895.0544281444338
Dior,999.7674898350168,666.2604789320103,722.0729321901297,514.7425787427475,767.3567236016676
tokalaravi78,6.033890981146484,127.01458935130965,83.55700585735221,488.5928803361091,60.222000478110886
standup,808.4706313692567,307.6299783234777,733.6275650120557,277.67283787427095,532.9206071011182
dashmeshstud,852.3826232556639,333.9758943597294,157.06846118459828,15.42538675412225,579.8888350904488
shubhmangal,504.9452507125871,369.89622982061843,136.27622737220457,86.26037930876318,662.4888364276045
ChasingCoral,871.9531766920284,867.8410607460135,262.43222133173265,633.6924570592377,564.4206055221207
GarethBale11,75.31873622927232,898.9599143854662,170.50570114741976,333.4659366652684,733.4609952562205
teddyeugene,357.7381096736022,626.922570812647,74.52709971807097,57.92927070263093,657.5708783997331
SEC_News,710.1300357216218,699.9597831913212,907.9472702637478,466.15958908726867,900.7555737965622
mehartweets,844.1488601794609,537.3799899150927,135.80646178830435,437.5566208440385,346.3786277779729
Plebeian42,929.4641558298748,130.60967140350343,61.999134955103344,250.3944294068836,275.09303740973957
sanyamalhotra07,558.6825478734982,458.1098469670426,153.16300010169243,885.044544304163,96.25290059615821
Amala_ams,714.2635591754113,867.5532401144142,683.6747294795291,901.2560099934198,477.26969084021584
bedwardstiek,915.5702132908243,344.579308674815,595.8206381740863,38.45757067112976,719.4122596584195
imtiaz_jaleel,482.8402340652305,700.9939078646169,141.05183372509856,400.1072560944278,322.45371596829887
mehtahansal,942.2910044242633,312.4320532754113,215.26131146438232,365.7101123340759,210.5354925676684
stylebyami,737.0516958178364,441.27350213587846,630.2221410884717,494.7790978111397,231.6517819132371
PMOIndia,683.0971339964395,758.6947783400653,255.01806306847817,132.2113606668668,384.5165099341873
actor_nithiin,153.3220650200885,341.83088423460515,75.9419173934618,664.3746170245837,70.2163995654565
beastieboy07,360.85095052932945,288.17710458777754,72.90158534218116,69.33997023744377,363.1158367639409
dhibuofficial,418.85194407585493,437.7919305258791,221.8155358282251,768.0198935112661,107.95925507116965
StratNewsInt,609.2867432394646,767.1356781918583,198.371468347724,224.07938815372285,326.2562702345197
FilmHistoryPic,400.8785060553511,187.8132609212179,125.3861087116333,504.87678394999324,29.74523407741919
England,74.56670417210076,878.5067911874341,22.890981424529777,196.1682839106007,591.3045179306421
anand_nac,439.51871887936375,835.7549439541026,90.57867959561395,797.3865189387429,278.8378335266524
rogerfederer,222.22299517904386,756.5503954218685,388.81372225541475,832.8202057381877,498.2197593142714
Numb3z,784.4638942526946,275.2938325150179,53.620695493579454,150.59267497183305,379.64377777572736
PawanKalyan,893.6536412508342,796.3647886282735,403.8756219977039,500.98785875550766,540.4526369193685
aamir_khan,661.778685928177,886.576472648253,726.5097122394208,988.1047424935557,497.6295310431658
frazsi,741.8834844206825,716.3239731551681,261.7398491908125,349.0013539769654,617.4442622968871
AristocratBags,843.2713347481999,929.4515652293504,429.62463385182787,309.6716229228591,881.1459136820705
23_rahulr,158.31051474297752,481.0780769253348,6.249496819390188,279.8455454333485,50.6535220180524
MPNaveenJindal,599.9708764749068,844.434458832809,101.09372024128066,379.2204923619214,564.1645655893334
moifightclub,859.377699333073,547.159048737074,64.59393929686935,457.3435830419962,300.4357542416227
raedita,791.4776268017991,587.2661928066797,160.22831441650376,612.7243810192018,384.31059786352887
NicolasRapold,930.6122198590348,579.9852574697127,253.5918595833986,732.2490347929661,257.26538586789894
taran_adarsh,280.3598008307271,640.78476852418,3.7067426061707653,210.0288024532772,174.62851882144236
WANEP_Regional,533.6523999838234,805.624191204463,320.19094994690056,534.6317941280172,243.21882513601938
lichtenbergian,941.1644277122305,456.4503015639884,328.6181176662838,141.19004505494604,671.0484090962756
spruhavarad,478.71652800340377,605.9217094051756,78.6200082500752,899.0036636538433,118.97832437592653
usacricket,241.1514857844187,843.2618299794639,59.366941273888585,57.68756778341877,708.0205488604541
sonamakapoor,589.8145717937693,744.0468863636714,773.864349946906,994.3181683631282,371.173394396979
MahuaMoitra_,870.463883050601,574.3565409306948,168.03169083629354,166.51608387835788,516.6314368892238
WAGNH_CFC,216.8561425851251,490.7043890194035,8.116968780849609,38.66380206603226,591.3293447022454
Karembeu,35.70843014520886,635.5474087705968,198.0041297634581,203.274416049101,149.85557349325472
sheilakathleen,962.8085302571809,46.21600644398826,349.74350677236964,734.6538105087884,259.3489052397041
minimathur,678.618224972437,530.0548859850412,423.9183483544083,680.1348870020172,438.2006672949332
kunalkamra88,640.0319618230899,429.94377361258734,143.3529203857959,440.9228462292864,447.5267097770278
MinhazMerchant,785.0666029354287,761.9309558406071,373.65404740455796,84.09532559135508,635.900255613987
dave_kehr,933.0241769583982,445.8822523383128,225.8373750382896,326.242923406756,227.90312564717357
sunpictures,270.2947300024812,262.5999248503337,66.50465205131367,303.9288113286531,78.90403614152369
cnnbrk,976.230336678302,952.2864839163351,907.2631354827574,543.0396493169017,951.712152299245
Atlanta_SEC,337.9470188096859,814.2131618923119,581.3359246983867,569.4557927786029,795.3678146198058
rohitkhilnani,622.5941471944676,542.0803324049091,210.28904697237544,709.4677481595639,342.43610982856114
parthiv9,175.3865839160777,815.9520642004244,239.05841505895032,887.5922595217651,579.5774181073211
NYSE,823.8069399405994,844.3118604557947,714.4068727286434,396.1571625418184,856.5066220501743
TrackTeluguFilm,138.2498595514644,689.2467145304158,18.96446994792872,209.8419768335004,442.3443310562476
kresha_bajaj,710.9743707939341,808.9979079902712,757.464784922128,817.4301412526083,207.40485327553736
nyvfxwaala,630.4487844973872,781.8108211933048,532.6161299014215,856.0968211653428,290.8639628280499
ZonePhysics,961.8041340695158,241.17271525380906,376.8227384044555,17.524701229690297,426.691476029714
ABdeVilliers17,357.63324611338265,469.5906463403385,318.9250778269277,559.7360836169213,449.5112802105252
alter_jamie,279.79700300044834,360.44910445941247,10.275728541422001,59.099630762111275,384.1032455188525
SaiyamiKher,347.3500684345263,554.3874096486161,158.06809858108,324.8451891276668,419.1729813726196
CHANEL,987.7224902986566,394.0391465950112,614.3486387394651,90.02851921823913,604.9926005149481
iamvijayvasanth,192.1256866430605,839.9462808624925,103.41535716892791,771.5561241793959,497.59493900624807
katiewalshstx,868.3927332024066,117.18369414033175,327.22954261360917,239.13455015145584,210.48890741876514
FeminaIndia,971.5614089160911,751.29245898643,990.5918636736812,611.406974840925,572.3147167837567
chintskap,642.8526684032312,860.2212704276354,632.1957199394707,953.1414850336681,644.158321662435
ChennaiyinFC,269.4788011608227,756.7360164743977,28.010702768966887,58.355576131870365,662.364872163446
Radhika_Khera,342.60671489712047,780.935782529572,11.424818164997797,486.1455785640606,342.5274347354268
premajournalist,833.0743512520114,609.8724588900791,445.6652990412029,637.8793900911542,346.0623354362539
iamnagarjuna,419.4378085613021,832.1319255135451,451.59983780551005,821.1228833925404,428.34374103007815
Glenn__Kenny,921.1112144036077,148.7373460688519,333.66044163634626,311.3616993907477,369.8812590403897
dirlingusamy,379.41285062008143,654.4658412568399,379.907502123995,640.9727606367032,376.3195716998114
Cyrilhanouna,474.14603615739594,221.34685059515752,356.326517957276,277.74789966343894,221.09860704788426
DDIndiaLive,655.7443062863789,838.9981414107829,124.70409111766267,448.5643007747619,520.1465409106307
VOGUEIndia,942.8899158502064,543.1038343028617,723.6310610043428,356.16851033245325,489.3987136564514
sundeepkishan,299.1693147473051,542.5130829183566,112.86594853062849,765.9301845282333,166.1172575695069
SonyMusicSouth,268.13764283102694,335.30501468919925,11.430492194280827,188.8952487130019,78.79176102924302
MangteC,540.8848048534334,908.8163383296277,720.9488064835576,936.8551325256382,664.6193421226069
ThePrintIndia,743.1201599571338,700.559225036137,355.4893768739225,460.6113362813974,446.73267092294617
iHrithik,868.0074712601025,971.6987283957908,980.45598970582,999.990144959934,813.0428131754861
Entrepreneur,630.4162661748808,850.9293573339347,778.5924623059464,120.77617605526348,962.2186221535411
Thyview,681.9533231280024,76.7530864571797,14.92796166473942,44.968209109346624,106.18755576056543
timwig,428.0524008439783,394.95684370014754,10.279102705032294,7.029669298364127,372.6759694906176
Anaita_Adajania,773.842804058812,470.7713402754686,593.684626636191,524.8771752186681,153.26811724446648
sadienewman,372.8688085822723,202.34204783428484,589.6056604508401,724.2629551029846,139.9466056500427
jgarnerr96,3.78886150082397,854.3071746519544,5.860477347293392,370.9857235898127,284.7505793880458
airnews_ranchi,518.4154321628837,913.3628042150065,219.32531581080977,476.04367054825235,506.4502976405801
dgelles,896.1039827820483,889.7743668422355,456.9959096168284,370.0776117592297,911.1363662577576
Karkeragirish,697.5378686313154,236.8230994761398,132.8206453297287,3.381727076258445,597.99442549229
DeDePyaarDe,532.1922304563428,349.8682740845091,220.17233256411606,671.1958463178064,83.96019563301532
LordsTavAU,349.25547128732705,687.3771575306369,85.75901187880297,303.97455687046914,341.0598852838375
TheViralFever,467.06936762702713,504.2403734455512,76.60352566991868,602.3869357479784,336.3042164396118
chennai_central,597.3093906123995,474.5641851480353,57.08245853481198,57.2978256841688,448.20315451475625
cobrapost,611.8939626938059,604.7775756088791,255.96903950901816,639.9359885112622,585.4171988278366
osarpong,697.4789794854415,667.0310760993472,201.46491906329894,211.96070449244962,584.1793078004337
dhanushkraja,508.88994932206776,750.9125458511288,77.61350223208929,590.5929588984915,364.9367366708174
iamsnehaullal,512.2633834282483,676.5678175806454,730.8172002924997,831.6841802106163,341.3711675971592
cadwego,901.128938384017,583.3766396104834,455.2343095924526,134.0562340352034,492.42482056225253
IChitrangda,691.3488849269469,822.5433817484842,814.2664045454229,991.1726526674478,446.64246370915896
raj_a_mehta,636.2030375372999,376.5700120573634,68.45181340117918,561.2373781313298,162.00041090901541
BCBGMAXAZRIA,997.6959230406027,744.2248512901672,981.1277672943926,591.8667822124656,822.9585854726289
ROFestTrends,820.5288075694219,689.7979273202383,128.47643102248068,525.7431965364691,480.212008497665
SeshankaBinesh,714.3775210971886,747.7756941439992,256.7814056509643,900.6329455735748,303.43567526193857
Pallavi_offl,523.7992064449244,660.9258421443365,415.14540323800793,900.153768077797,219.9706013336435
arhaankhan0798,96.85383873372922,765.4277091013275,829.2522830519881,813.2097813796578,549.699095558777
bumblebeargames,823.5599041211844,863.6670564286335,176.05206207716884,117.25069549162009,858.330930178268
